STEP 1/8: FROM debian@sha256:9cc080028c43b27d2074d63a5f9caf7166d731494965616c1a6d2827a004585c
STEP 2/8: COPY vendor/lab-debs.tar.gz /tmp/lab-debs.tar.gz
--> Using cache c1edc8aafe20d2029c5cea299c2666532e3972229a35db84ae1cb2d8f6a06fc7
--> c1edc8aafe20
STEP 3/8: RUN mkdir /tmp/debs && tar -xf /tmp/lab-debs.tar.gz -C /tmp/debs --strip-components=1 &&     (DEBIAN_FRONTEND=noninteractive dpkg -i /tmp/debs/*.deb || DEBIAN_FRONTEND=noninteractive dpkg -i /tmp/debs/*.deb || DEBIAN_FRONTEND=noninteractive dpkg -i /tmp/debs/*.deb) && rm -rf /tmp/debs /tmp/lab-debs.tar.gz &&     useradd -m -s /bin/bash study && mkdir -p /run/sshd /study && chown study:study /study
Selecting previously unselected package adduser.
(Reading database ... 4951 files and directories currently installed.)
Preparing to unpack .../tmp/debs/adduser_3.152_all.deb ...
Unpacking adduser (3.152) ...
Selecting previously unselected package asciinema.
Preparing to unpack .../debs/asciinema_2.4.0-1_all.deb ...
Unpacking asciinema (2.4.0-1) ...
Selecting previously unselected package autotools-dev.
Preparing to unpack .../autotools-dev_20240727.1_all.deb ...
Unpacking autotools-dev (20240727.1) ...
Selecting previously unselected package binutils-common:amd64.
Preparing to unpack .../binutils-common_2.44-3_amd64.deb ...
Unpacking binutils-common:amd64 (2.44-3) ...
Selecting previously unselected package binutils-x86-64-linux-gnu.
Preparing to unpack .../binutils-x86-64-linux-gnu_2.44-3_amd64.deb ...
Unpacking binutils-x86-64-linux-gnu (2.44-3) ...
Selecting previously unselected package binutils.
Preparing to unpack .../debs/binutils_2.44-3_amd64.deb ...
Unpacking binutils (2.44-3) ...
Selecting previously unselected package cmake-data.
Preparing to unpack .../cmake-data_3.31.6-2_all.deb ...
Unpacking cmake-data (3.31.6-2) ...
Selecting previously unselected package cmake.
Preparing to unpack .../debs/cmake_3.31.6-2_amd64.deb ...
Unpacking cmake (3.31.6-2) ...
Selecting previously unselected package cpp-14-x86-64-linux-gnu.
Preparing to unpack .../cpp-14-x86-64-linux-gnu_14.2.0-19_amd64.deb ...
Unpacking cpp-14-x86-64-linux-gnu (14.2.0-19) ...
Selecting previously unselected package cpp-14.
Preparing to unpack .../cpp-14_14.2.0-19_amd64.deb ...
Unpacking cpp-14 (14.2.0-19) ...
Selecting previously unselected package cpp-x86-64-linux-gnu.
Preparing to unpack .../cpp-x86-64-linux-gnu_4%3a14.2.0-1_amd64.deb ...
Unpacking cpp-x86-64-linux-gnu (4:14.2.0-1) ...
Selecting previously unselected package cpp.
Preparing to unpack .../cpp_4%3a14.2.0-1_amd64.deb ...
Unpacking cpp (4:14.2.0-1) ...
Selecting previously unselected package dh-elpa-helper.
Preparing to unpack .../dh-elpa-helper_2.1.9_all.deb ...
Unpacking dh-elpa-helper (2.1.9) ...
Selecting previously unselected package elpa-marginalia.
Preparing to unpack .../elpa-marginalia_2.0-1_all.deb ...
Unpacking elpa-marginalia (2.0-1) ...
Selecting previously unselected package elpa-vertico.
Preparing to unpack .../elpa-vertico_2.1-1_all.deb ...
Unpacking elpa-vertico (2.1-1) ...
Selecting previously unselected package emacs-bin-common.
Preparing to unpack .../emacs-bin-common_1%3a30.1+1-6+deb13u1_amd64.deb ...
Unpacking emacs-bin-common (1:30.1+1-6+deb13u1) ...
Selecting previously unselected package emacs-common.
Preparing to unpack .../emacs-common_1%3a30.1+1-6+deb13u1_all.deb ...
Unpacking emacs-common (1:30.1+1-6+deb13u1) ...
Selecting previously unselected package emacs-el.
Preparing to unpack .../emacs-el_1%3a30.1+1-6+deb13u1_all.deb ...
Unpacking emacs-el (1:30.1+1-6+deb13u1) ...
Selecting previously unselected package emacs-nox.
Preparing to unpack .../emacs-nox_1%3a30.1+1-6+deb13u1_amd64.deb ...
Unpacking emacs-nox (1:30.1+1-6+deb13u1) ...
Selecting previously unselected package emacsen-common.
Preparing to unpack .../emacsen-common_3.0.8_all.deb ...
Unpacking emacsen-common (3.0.8) ...
Selecting previously unselected package file.
Preparing to unpack .../debs/file_1%3a5.46-5_amd64.deb ...
Unpacking file (1:5.46-5) ...
Selecting previously unselected package fontconfig-config.
Preparing to unpack .../fontconfig-config_2.15.0-2.3_amd64.deb ...
Unpacking fontconfig-config (2.15.0-2.3) ...
Selecting previously unselected package fonts-dejavu-core.
Preparing to unpack .../fonts-dejavu-core_2.37-8_all.deb ...
Unpacking fonts-dejavu-core (2.37-8) ...
Selecting previously unselected package fonts-dejavu-mono.
Preparing to unpack .../fonts-dejavu-mono_2.37-8_all.deb ...
Unpacking fonts-dejavu-mono (2.37-8) ...
Selecting previously unselected package gcc-14-x86-64-linux-gnu.
Preparing to unpack .../gcc-14-x86-64-linux-gnu_14.2.0-19_amd64.deb ...
Unpacking gcc-14-x86-64-linux-gnu (14.2.0-19) ...
Selecting previously unselected package gcc-14.
Preparing to unpack .../gcc-14_14.2.0-19_amd64.deb ...
Unpacking gcc-14 (14.2.0-19) ...
Selecting previously unselected package gcc-x86-64-linux-gnu.
Preparing to unpack .../gcc-x86-64-linux-gnu_4%3a14.2.0-1_amd64.deb ...
Unpacking gcc-x86-64-linux-gnu (4:14.2.0-1) ...
Selecting previously unselected package gcc.
Preparing to unpack .../gcc_4%3a14.2.0-1_amd64.deb ...
Unpacking gcc (4:14.2.0-1) ...
Selecting previously unselected package install-info.
Preparing to unpack .../install-info_7.1.1-1+b1_amd64.deb ...
Unpacking install-info (7.1.1-1+b1) ...
Selecting previously unselected package less.
Preparing to unpack /tmp/debs/less_668-1_amd64.deb ...
Unpacking less (668-1) ...
Selecting previously unselected package libapparmor1:amd64.
Preparing to unpack .../libapparmor1_4.1.0-1_amd64.deb ...
Unpacking libapparmor1:amd64 (4.1.0-1) ...
Selecting previously unselected package libarchive13t64:amd64.
Preparing to unpack .../libarchive13t64_3.7.4-4+deb13u1_amd64.deb ...
Unpacking libarchive13t64:amd64 (3.7.4-4+deb13u1) ...
Selecting previously unselected package libasan8:amd64.
Preparing to unpack .../libasan8_14.2.0-19_amd64.deb ...
Unpacking libasan8:amd64 (14.2.0-19) ...
Selecting previously unselected package libasound2-data.
Preparing to unpack .../libasound2-data_1.2.14-1+deb13u1_all.deb ...
Unpacking libasound2-data (1.2.14-1+deb13u1) ...
Selecting previously unselected package libasound2t64:amd64.
Preparing to unpack .../libasound2t64_1.2.14-1+deb13u1_amd64.deb ...
Unpacking libasound2t64:amd64 (1.2.14-1+deb13u1) ...
Selecting previously unselected package libatomic1:amd64.
Preparing to unpack .../libatomic1_14.2.0-19_amd64.deb ...
Unpacking libatomic1:amd64 (14.2.0-19) ...
Selecting previously unselected package libbinutils:amd64.
Preparing to unpack .../libbinutils_2.44-3_amd64.deb ...
Unpacking libbinutils:amd64 (2.44-3) ...
Selecting previously unselected package libbrotli1:amd64.
Preparing to unpack .../libbrotli1_1.1.0-2+b7_amd64.deb ...
Unpacking libbrotli1:amd64 (1.1.0-2+b7) ...
Selecting previously unselected package libc-dev-bin.
Preparing to unpack .../libc-dev-bin_2.41-12+deb13u4_amd64.deb ...
Unpacking libc-dev-bin (2.41-12+deb13u4) ...
Selecting previously unselected package libc6-dev:amd64.
Preparing to unpack .../libc6-dev_2.41-12+deb13u4_amd64.deb ...
Unpacking libc6-dev:amd64 (2.41-12+deb13u4) ...
Selecting previously unselected package libcbor0.10:amd64.
Preparing to unpack .../libcbor0.10_0.10.2-2_amd64.deb ...
Unpacking libcbor0.10:amd64 (0.10.2-2) ...
Selecting previously unselected package libcc1-0:amd64.
Preparing to unpack .../libcc1-0_14.2.0-19_amd64.deb ...
Unpacking libcc1-0:amd64 (14.2.0-19) ...
Selecting previously unselected package libcom-err2:amd64.
Preparing to unpack .../libcom-err2_1.47.2-3+b12_amd64.deb ...
Unpacking libcom-err2:amd64 (1.47.2-3+b12) ...
Selecting previously unselected package libcrypt-dev:amd64.
Preparing to unpack .../libcrypt-dev_1%3a4.4.38-1_amd64.deb ...
Unpacking libcrypt-dev:amd64 (1:4.4.38-1) ...
Selecting previously unselected package libctf-nobfd0:amd64.
Preparing to unpack .../libctf-nobfd0_2.44-3_amd64.deb ...
Unpacking libctf-nobfd0:amd64 (2.44-3) ...
Selecting previously unselected package libctf0:amd64.
Preparing to unpack .../debs/libctf0_2.44-3_amd64.deb ...
Unpacking libctf0:amd64 (2.44-3) ...
Selecting previously unselected package libcurl4t64:amd64.
Preparing to unpack .../libcurl4t64_8.14.1-2+deb13u5_amd64.deb ...
Unpacking libcurl4t64:amd64 (8.14.1-2+deb13u5) ...
Selecting previously unselected package libdbus-1-3:amd64.
Preparing to unpack .../libdbus-1-3_1.16.2-2_amd64.deb ...
Unpacking libdbus-1-3:amd64 (1.16.2-2) ...
Selecting previously unselected package libedit2:amd64.
Preparing to unpack .../libedit2_3.1-20250104-1_amd64.deb ...
Unpacking libedit2:amd64 (3.1-20250104-1) ...
Selecting previously unselected package libevent-core-2.1-7t64:amd64.
Preparing to unpack .../libevent-core-2.1-7t64_2.1.13-stable-1~deb13u1_amd64.deb ...
Unpacking libevent-core-2.1-7t64:amd64 (2.1.13-stable-1~deb13u1) ...
Selecting previously unselected package libexpat1:amd64.
Preparing to unpack .../libexpat1_2.8.3-1~deb13u1_amd64.deb ...
Unpacking libexpat1:amd64 (2.8.3-1~deb13u1) ...
Selecting previously unselected package libffi8:amd64.
Preparing to unpack .../debs/libffi8_3.4.8-2_amd64.deb ...
Unpacking libffi8:amd64 (3.4.8-2) ...
Selecting previously unselected package libfido2-1:amd64.
Preparing to unpack .../libfido2-1_1.15.0-1+b1_amd64.deb ...
Unpacking libfido2-1:amd64 (1.15.0-1+b1) ...
Selecting previously unselected package libfontconfig1:amd64.
Preparing to unpack .../libfontconfig1_2.15.0-2.3_amd64.deb ...
Unpacking libfontconfig1:amd64 (2.15.0-2.3) ...
Selecting previously unselected package libfreetype6:amd64.
Preparing to unpack .../libfreetype6_2.13.3+dfsg-1+deb13u1_amd64.deb ...
Unpacking libfreetype6:amd64 (2.13.3+dfsg-1+deb13u1) ...
Selecting previously unselected package libgcc-14-dev:amd64.
Preparing to unpack .../libgcc-14-dev_14.2.0-19_amd64.deb ...
Unpacking libgcc-14-dev:amd64 (14.2.0-19) ...
Selecting previously unselected package libgccjit0:amd64.
Preparing to unpack .../libgccjit0_14.2.0-19_amd64.deb ...
Unpacking libgccjit0:amd64 (14.2.0-19) ...
Selecting previously unselected package libgnutls30t64:amd64.
Preparing to unpack .../libgnutls30t64_3.8.9-3+deb13u4_amd64.deb ...
Unpacking libgnutls30t64:amd64 (3.8.9-3+deb13u4) ...
Selecting previously unselected package libgomp1:amd64.
Preparing to unpack .../libgomp1_14.2.0-19_amd64.deb ...
Unpacking libgomp1:amd64 (14.2.0-19) ...
Selecting previously unselected package libgpm2:amd64.
Preparing to unpack .../libgpm2_1.20.7-11+b2_amd64.deb ...
Unpacking libgpm2:amd64 (1.20.7-11+b2) ...
Selecting previously unselected package libgprofng0:amd64.
Preparing to unpack .../libgprofng0_2.44-3_amd64.deb ...
Unpacking libgprofng0:amd64 (2.44-3) ...
Selecting previously unselected package libgssapi-krb5-2:amd64.
Preparing to unpack .../libgssapi-krb5-2_1.21.3-5+deb13u1_amd64.deb ...
Unpacking libgssapi-krb5-2:amd64 (1.21.3-5+deb13u1) ...
Selecting previously unselected package libhwasan0:amd64.
Preparing to unpack .../libhwasan0_14.2.0-19_amd64.deb ...
Unpacking libhwasan0:amd64 (14.2.0-19) ...
Selecting previously unselected package libice6:amd64.
Preparing to unpack .../libice6_2%3a1.1.1-1_amd64.deb ...
Unpacking libice6:amd64 (2:1.1.1-1) ...
Selecting previously unselected package libidn2-0:amd64.
Preparing to unpack .../libidn2-0_2.3.8-2_amd64.deb ...
Unpacking libidn2-0:amd64 (2.3.8-2) ...
Selecting previously unselected package libisl23:amd64.
Preparing to unpack .../debs/libisl23_0.27-1_amd64.deb ...
Unpacking libisl23:amd64 (0.27-1) ...
Selecting previously unselected package libitm1:amd64.
Preparing to unpack .../libitm1_14.2.0-19_amd64.deb ...
Unpacking libitm1:amd64 (14.2.0-19) ...
Selecting previously unselected package libjansson4:amd64.
Preparing to unpack .../libjansson4_2.14-2+b3_amd64.deb ...
Unpacking libjansson4:amd64 (2.14-2+b3) ...
Selecting previously unselected package libjemalloc2:amd64.
Preparing to unpack .../libjemalloc2_5.3.0-3_amd64.deb ...
Unpacking libjemalloc2:amd64 (5.3.0-3) ...
Selecting previously unselected package libjsoncpp26:amd64.
Preparing to unpack .../libjsoncpp26_1.9.6-3_amd64.deb ...
Unpacking libjsoncpp26:amd64 (1.9.6-3) ...
Selecting previously unselected package libk5crypto3:amd64.
Preparing to unpack .../libk5crypto3_1.21.3-5+deb13u1_amd64.deb ...
Unpacking libk5crypto3:amd64 (1.21.3-5+deb13u1) ...
Selecting previously unselected package libkeyutils1:amd64.
Preparing to unpack .../libkeyutils1_1.6.3-6_amd64.deb ...
Unpacking libkeyutils1:amd64 (1.6.3-6) ...
Selecting previously unselected package libkrb5-3:amd64.
Preparing to unpack .../libkrb5-3_1.21.3-5+deb13u1_amd64.deb ...
Unpacking libkrb5-3:amd64 (1.21.3-5+deb13u1) ...
Selecting previously unselected package libkrb5support0:amd64.
Preparing to unpack .../libkrb5support0_1.21.3-5+deb13u1_amd64.deb ...
Unpacking libkrb5support0:amd64 (1.21.3-5+deb13u1) ...
Selecting previously unselected package liblcms2-2:amd64.
Preparing to unpack .../liblcms2-2_2.16-2+deb13u2_amd64.deb ...
Unpacking liblcms2-2:amd64 (2.16-2+deb13u2) ...
Selecting previously unselected package libldap2:amd64.
Preparing to unpack .../libldap2_2.6.10+dfsg-1_amd64.deb ...
Unpacking libldap2:amd64 (2.6.10+dfsg-1) ...
Selecting previously unselected package liblsan0:amd64.
Preparing to unpack .../liblsan0_14.2.0-19_amd64.deb ...
Unpacking liblsan0:amd64 (14.2.0-19) ...
Selecting previously unselected package libmagic-mgc.
Preparing to unpack .../libmagic-mgc_1%3a5.46-5_amd64.deb ...
Unpacking libmagic-mgc (1:5.46-5) ...
Selecting previously unselected package libmagic1t64:amd64.
Preparing to unpack .../libmagic1t64_1%3a5.46-5_amd64.deb ...
Unpacking libmagic1t64:amd64 (1:5.46-5) ...
Selecting previously unselected package libmpc3:amd64.
Preparing to unpack .../libmpc3_1.3.1-1+b3_amd64.deb ...
Unpacking libmpc3:amd64 (1.3.1-1+b3) ...
Selecting previously unselected package libmpfr6:amd64.
Preparing to unpack .../libmpfr6_4.2.2-1_amd64.deb ...
Unpacking libmpfr6:amd64 (4.2.2-1) ...
Selecting previously unselected package libncursesw6:amd64.
Preparing to unpack .../libncursesw6_6.5+20250216-2_amd64.deb ...
Unpacking libncursesw6:amd64 (6.5+20250216-2) ...
Selecting previously unselected package libnghttp2-14:amd64.
Preparing to unpack .../libnghttp2-14_1.64.0-1.1+deb13u1_amd64.deb ...
Unpacking libnghttp2-14:amd64 (1.64.0-1.1+deb13u1) ...
Selecting previously unselected package libnghttp3-9:amd64.
Preparing to unpack .../libnghttp3-9_1.8.0-1_amd64.deb ...
Unpacking libnghttp3-9:amd64 (1.8.0-1) ...
Selecting previously unselected package libp11-kit0:amd64.
Preparing to unpack .../libp11-kit0_0.25.5-3_amd64.deb ...
Unpacking libp11-kit0:amd64 (0.25.5-3) ...
Selecting previously unselected package libpng16-16t64:amd64.
Preparing to unpack .../libpng16-16t64_1.6.48-1+deb13u5_amd64.deb ...
Unpacking libpng16-16t64:amd64 (1.6.48-1+deb13u5) ...
Selecting previously unselected package libproc2-0:amd64.
Preparing to unpack .../libproc2-0_2%3a4.0.4-9_amd64.deb ...
Unpacking libproc2-0:amd64 (2:4.0.4-9) ...
Selecting previously unselected package libpsl5t64:amd64.
Preparing to unpack .../libpsl5t64_0.21.2-1.1+b1_amd64.deb ...
Unpacking libpsl5t64:amd64 (0.21.2-1.1+b1) ...
Selecting previously unselected package libpython3-stdlib:amd64.
Preparing to unpack .../libpython3-stdlib_3.13.5-1_amd64.deb ...
Unpacking libpython3-stdlib:amd64 (3.13.5-1) ...
Selecting previously unselected package libpython3.13-minimal:amd64.
Preparing to unpack .../libpython3.13-minimal_3.13.5-2+deb13u5_amd64.deb ...
Unpacking libpython3.13-minimal:amd64 (3.13.5-2+deb13u5) ...
Selecting previously unselected package libpython3.13-stdlib:amd64.
Preparing to unpack .../libpython3.13-stdlib_3.13.5-2+deb13u5_amd64.deb ...
Unpacking libpython3.13-stdlib:amd64 (3.13.5-2+deb13u5) ...
Selecting previously unselected package libquadmath0:amd64.
Preparing to unpack .../libquadmath0_14.2.0-19_amd64.deb ...
Unpacking libquadmath0:amd64 (14.2.0-19) ...
Selecting previously unselected package libreadline8t64:amd64.
Preparing to unpack .../libreadline8t64_8.2-6_amd64.deb ...
Adding 'diversion of /lib/x86_64-linux-gnu/libhistory.so.8 to /lib/x86_64-linux-gnu/libhistory.so.8.usr-is-merged by libreadline8t64'
Adding 'diversion of /lib/x86_64-linux-gnu/libhistory.so.8.2 to /lib/x86_64-linux-gnu/libhistory.so.8.2.usr-is-merged by libreadline8t64'
Adding 'diversion of /lib/x86_64-linux-gnu/libreadline.so.8 to /lib/x86_64-linux-gnu/libreadline.so.8.usr-is-merged by libreadline8t64'
Adding 'diversion of /lib/x86_64-linux-gnu/libreadline.so.8.2 to /lib/x86_64-linux-gnu/libreadline.so.8.2.usr-is-merged by libreadline8t64'
Unpacking libreadline8t64:amd64 (8.2-6) ...
Selecting previously unselected package librhash1:amd64.
Preparing to unpack .../librhash1_1.4.5-1_amd64.deb ...
Unpacking librhash1:amd64 (1.4.5-1) ...
Selecting previously unselected package librtmp1:amd64.
Preparing to unpack .../librtmp1_2.4+20151223.gitfa8646d.1-2+b5_amd64.deb ...
Unpacking librtmp1:amd64 (2.4+20151223.gitfa8646d.1-2+b5) ...
Selecting previously unselected package libsasl2-2:amd64.
Preparing to unpack .../libsasl2-2_2.1.28+dfsg1-9_amd64.deb ...
Unpacking libsasl2-2:amd64 (2.1.28+dfsg1-9) ...
Selecting previously unselected package libsasl2-modules-db:amd64.
Preparing to unpack .../libsasl2-modules-db_2.1.28+dfsg1-9_amd64.deb ...
Unpacking libsasl2-modules-db:amd64 (2.1.28+dfsg1-9) ...
Selecting previously unselected package libsframe1:amd64.
Preparing to unpack .../libsframe1_2.44-3_amd64.deb ...
Unpacking libsframe1:amd64 (2.44-3) ...
Selecting previously unselected package libsm6:amd64.
Preparing to unpack .../libsm6_2%3a1.2.6-1_amd64.deb ...
Unpacking libsm6:amd64 (2:1.2.6-1) ...
Selecting previously unselected package libssh2-1t64:amd64.
Preparing to unpack .../libssh2-1t64_1.11.1-1+deb13u2_amd64.deb ...
Unpacking libssh2-1t64:amd64 (1.11.1-1+deb13u2) ...
Selecting previously unselected package libsystemd-shared:amd64.
Preparing to unpack .../libsystemd-shared_257.13-1~deb13u1_amd64.deb ...
Unpacking libsystemd-shared:amd64 (257.13-1~deb13u1) ...
Selecting previously unselected package libtasn1-6:amd64.
Preparing to unpack .../libtasn1-6_4.20.0-2+deb13u1_amd64.deb ...
Unpacking libtasn1-6:amd64 (4.20.0-2+deb13u1) ...
Selecting previously unselected package libtext-charwidth-perl:amd64.
Preparing to unpack .../libtext-charwidth-perl_0.04-11+b4_amd64.deb ...
Unpacking libtext-charwidth-perl:amd64 (0.04-11+b4) ...
Selecting previously unselected package libtext-wrapi18n-perl.
Preparing to unpack .../libtext-wrapi18n-perl_0.06-10_all.deb ...
Unpacking libtext-wrapi18n-perl (0.06-10) ...
Selecting previously unselected package libtool-bin.
Preparing to unpack .../libtool-bin_2.5.4-4_amd64.deb ...
Unpacking libtool-bin (2.5.4-4) ...
Selecting previously unselected package libtool.
Preparing to unpack .../debs/libtool_2.5.4-4_all.deb ...
Unpacking libtool (2.5.4-4) ...
Selecting previously unselected package libtree-sitter0.22:amd64.
Preparing to unpack .../libtree-sitter0.22_0.22.6-6+b1_amd64.deb ...
Unpacking libtree-sitter0.22:amd64 (0.22.6-6+b1) ...
Selecting previously unselected package libtsan2:amd64.
Preparing to unpack .../libtsan2_14.2.0-19_amd64.deb ...
Unpacking libtsan2:amd64 (14.2.0-19) ...
Selecting previously unselected package libubsan1:amd64.
Preparing to unpack .../libubsan1_14.2.0-19_amd64.deb ...
Unpacking libubsan1:amd64 (14.2.0-19) ...
Selecting previously unselected package libunistring5:amd64.
Preparing to unpack .../libunistring5_1.3-2_amd64.deb ...
Unpacking libunistring5:amd64 (1.3-2) ...
Selecting previously unselected package libutempter0:amd64.
Preparing to unpack .../libutempter0_1.2.1-4_amd64.deb ...
Unpacking libutempter0:amd64 (1.2.1-4) ...
Selecting previously unselected package libuv1t64:amd64.
Preparing to unpack .../libuv1t64_1.50.0-2_amd64.deb ...
Unpacking libuv1t64:amd64 (1.50.0-2) ...
Selecting previously unselected package libvterm-dev:amd64.
Preparing to unpack .../libvterm-dev_0.3.3-3+b1_amd64.deb ...
Unpacking libvterm-dev:amd64 (0.3.3-3+b1) ...
Selecting previously unselected package libvterm0:amd64.
Preparing to unpack .../libvterm0_0.3.3-3+b1_amd64.deb ...
Unpacking libvterm0:amd64 (0.3.3-3+b1) ...
Selecting previously unselected package libwrap0:amd64.
Preparing to unpack .../libwrap0_7.6.q-36_amd64.deb ...
Unpacking libwrap0:amd64 (7.6.q-36) ...
Selecting previously unselected package libwtmpdb0:amd64.
Preparing to unpack .../libwtmpdb0_0.73.0-3+deb13u1_amd64.deb ...
Unpacking libwtmpdb0:amd64 (0.73.0-3+deb13u1) ...
Selecting previously unselected package libx11-6:amd64.
Preparing to unpack .../libx11-6_2%3a1.8.12-1_amd64.deb ...
Unpacking libx11-6:amd64 (2:1.8.12-1) ...
Selecting previously unselected package libx11-data.
Preparing to unpack .../libx11-data_2%3a1.8.12-1_all.deb ...
Unpacking libx11-data (2:1.8.12-1) ...
Selecting previously unselected package libxau6:amd64.
Preparing to unpack .../libxau6_1%3a1.0.11-1_amd64.deb ...
Unpacking libxau6:amd64 (1:1.0.11-1) ...
Selecting previously unselected package libxaw7:amd64.
Preparing to unpack .../libxaw7_2%3a1.0.16-1_amd64.deb ...
Unpacking libxaw7:amd64 (2:1.0.16-1) ...
Selecting previously unselected package libxcb1:amd64.
Preparing to unpack .../libxcb1_1.17.0-2+b1_amd64.deb ...
Unpacking libxcb1:amd64 (1.17.0-2+b1) ...
Selecting previously unselected package libxdmcp6:amd64.
Preparing to unpack .../libxdmcp6_1%3a1.1.5-1_amd64.deb ...
Unpacking libxdmcp6:amd64 (1:1.1.5-1) ...
Selecting previously unselected package libxext6:amd64.
Preparing to unpack .../libxext6_2%3a1.3.4-1+b3_amd64.deb ...
Unpacking libxext6:amd64 (2:1.3.4-1+b3) ...
Selecting previously unselected package libxft2:amd64.
Preparing to unpack .../libxft2_2.3.6-1+b4_amd64.deb ...
Unpacking libxft2:amd64 (2.3.6-1+b4) ...
Selecting previously unselected package libxinerama1:amd64.
Preparing to unpack .../libxinerama1_2%3a1.1.4-3+b4_amd64.deb ...
Unpacking libxinerama1:amd64 (2:1.1.4-3+b4) ...
Selecting previously unselected package libxml2:amd64.
Preparing to unpack .../libxml2_2.12.7+dfsg+really2.9.14-2.1+deb13u3_amd64.deb ...
Unpacking libxml2:amd64 (2.12.7+dfsg+really2.9.14-2.1+deb13u3) ...
Selecting previously unselected package libxmu6:amd64.
Preparing to unpack .../libxmu6_2%3a1.1.3-3+b4_amd64.deb ...
Unpacking libxmu6:amd64 (2:1.1.3-3+b4) ...
Selecting previously unselected package libxpm4:amd64.
Preparing to unpack .../libxpm4_1%3a3.5.17-1+deb13u1_amd64.deb ...
Unpacking libxpm4:amd64 (1:3.5.17-1+deb13u1) ...
Selecting previously unselected package libxrender1:amd64.
Preparing to unpack .../libxrender1_1%3a0.9.12-1_amd64.deb ...
Unpacking libxrender1:amd64 (1:0.9.12-1) ...
Selecting previously unselected package libxt6t64:amd64.
Preparing to unpack .../libxt6t64_1%3a1.2.1-1.2+b2_amd64.deb ...
Unpacking libxt6t64:amd64 (1:1.2.1-1.2+b2) ...
Selecting previously unselected package linux-libc-dev.
Preparing to unpack .../linux-libc-dev_6.12.107-1_all.deb ...
Unpacking linux-libc-dev (6.12.107-1) ...
Selecting previously unselected package media-types.
Preparing to unpack .../media-types_13.0.0_all.deb ...
Unpacking media-types (13.0.0) ...
Selecting previously unselected package netbase.
Preparing to unpack /tmp/debs/netbase_6.5_all.deb ...
Unpacking netbase (6.5) ...
Selecting previously unselected package openssh-client.
Preparing to unpack .../openssh-client_1%3a10.0p1-7+deb13u4_amd64.deb ...
Unpacking openssh-client (1:10.0p1-7+deb13u4) ...
Selecting previously unselected package openssh-server.
Preparing to unpack .../openssh-server_1%3a10.0p1-7+deb13u4_amd64.deb ...
Unpacking openssh-server (1:10.0p1-7+deb13u4) ...
Selecting previously unselected package openssh-sftp-server.
Preparing to unpack .../openssh-sftp-server_1%3a10.0p1-7+deb13u4_amd64.deb ...
Unpacking openssh-sftp-server (1:10.0p1-7+deb13u4) ...
Selecting previously unselected package procps.
Preparing to unpack .../procps_2%3a4.0.4-9_amd64.deb ...
Unpacking procps (2:4.0.4-9) ...
Selecting previously unselected package python3-autocommand.
Preparing to unpack .../python3-autocommand_2.2.2-3_all.deb ...
Unpacking python3-autocommand (2.2.2-3) ...
Selecting previously unselected package python3-inflect.
Preparing to unpack .../python3-inflect_7.3.1-2_all.deb ...
Unpacking python3-inflect (7.3.1-2) ...
Selecting previously unselected package python3-jaraco.context.
Preparing to unpack .../python3-jaraco.context_6.0.1-1+deb13u1_all.deb ...
Unpacking python3-jaraco.context (6.0.1-1+deb13u1) ...
Selecting previously unselected package python3-jaraco.functools.
Preparing to unpack .../python3-jaraco.functools_4.1.0-1_all.deb ...
Unpacking python3-jaraco.functools (4.1.0-1) ...
dpkg: regarding .../python3-minimal_3.13.5-1_amd64.deb containing python3-minimal, pre-dependency problem:
 python3-minimal pre-depends on python3.13-minimal (>= 3.13.5-1~)
  python3.13-minimal is not installed.

dpkg: error processing archive /tmp/debs/python3-minimal_3.13.5-1_amd64.deb (--install):
 pre-dependency problem - not installing python3-minimal
Selecting previously unselected package python3-minimal.
Selecting previously unselected package python3-more-itertools.
Preparing to unpack .../python3-more-itertools_10.7.0-1_all.deb ...
Unpacking python3-more-itertools (10.7.0-1) ...
Selecting previously unselected package python3-pkg-resources.
Preparing to unpack .../python3-pkg-resources_78.1.1-0.1_all.deb ...
Unpacking python3-pkg-resources (78.1.1-0.1) ...
Selecting previously unselected package python3-typeguard.
Preparing to unpack .../python3-typeguard_4.4.2-1_all.deb ...
Unpacking python3-typeguard (4.4.2-1) ...
Selecting previously unselected package python3-typing-extensions.
Preparing to unpack .../python3-typing-extensions_4.13.2-1_all.deb ...
Unpacking python3-typing-extensions (4.13.2-1) ...
Selecting previously unselected package python3.13-minimal.
Preparing to unpack .../python3.13-minimal_3.13.5-2+deb13u5_amd64.deb ...
Unpacking python3.13-minimal (3.13.5-2+deb13u5) ...
Selecting previously unselected package python3.13.
Preparing to unpack .../python3.13_3.13.5-2+deb13u5_amd64.deb ...
Unpacking python3.13 (3.13.5-2+deb13u5) ...
Selecting previously unselected package python3.
dpkg: regarding .../python3_3.13.5-1_amd64.deb containing python3, pre-dependency problem:
 python3 pre-depends on python3-minimal (= 3.13.5-1)
  python3-minimal is not installed.

dpkg: error processing archive /tmp/debs/python3_3.13.5-1_amd64.deb (--install):
 pre-dependency problem - not installing python3
Selecting previously unselected package readline-common.
Preparing to unpack .../readline-common_8.2-6_all.deb ...
Unpacking readline-common (8.2-6) ...
Selecting previously unselected package rpcsvc-proto.
Preparing to unpack .../rpcsvc-proto_1.4.3-1_amd64.deb ...
Unpacking rpcsvc-proto (1.4.3-1) ...
Selecting previously unselected package runit-helper.
Preparing to unpack .../runit-helper_2.16.4_all.deb ...
Unpacking runit-helper (2.16.4) ...
Selecting previously unselected package screen.
Preparing to unpack .../debs/screen_4.9.1-3_amd64.deb ...
Unpacking screen (4.9.1-3) ...
Selecting previously unselected package sensible-utils.
Preparing to unpack .../sensible-utils_0.0.25_all.deb ...
Unpacking sensible-utils (0.0.25) ...
Selecting previously unselected package systemd.
dpkg: regarding .../systemd_257.13-1~deb13u1_amd64.deb containing systemd, pre-dependency problem:
 systemd pre-depends on libsystemd-shared (= 257.13-1~deb13u1)
  libsystemd-shared:amd64 is unpacked, but has never been configured.

dpkg: error processing archive /tmp/debs/systemd_257.13-1~deb13u1_amd64.deb (--install):
 pre-dependency problem - not installing systemd
Selecting previously unselected package tmux.
Preparing to unpack .../tmp/debs/tmux_3.5a-3_amd64.deb ...
Unpacking tmux (3.5a-3) ...
Selecting previously unselected package ucf.
Preparing to unpack /tmp/debs/ucf_3.0052_all.deb ...
Moving old data out of the way
Unpacking ucf (3.0052) ...
Selecting previously unselected package x11-common.
Preparing to unpack .../x11-common_1%3a7.7+24+deb13u1_all.deb ...
Unpacking x11-common (1:7.7+24+deb13u1) ...
Selecting previously unselected package xbitmaps.
Preparing to unpack .../xbitmaps_1.1.1-2.2_all.deb ...
Unpacking xbitmaps (1.1.1-2.2) ...
Selecting previously unselected package xterm.
Preparing to unpack .../tmp/debs/xterm_398-1_amd64.deb ...
Unpacking xterm (398-1) ...
Setting up adduser (3.152) ...
dpkg: dependency problems prevent configuration of asciinema:
 asciinema depends on python3:any.

dpkg: error processing package asciinema (--install):
 dependency problems - leaving unconfigured
Setting up autotools-dev (20240727.1) ...
Setting up binutils-common:amd64 (2.44-3) ...
Setting up cmake-data (3.31.6-2) ...
Setting up dh-elpa-helper (2.1.9) ...
Setting up emacsen-common (3.0.8) ...
Setting up fonts-dejavu-mono (2.37-8) ...
Setting up install-info (7.1.1-1+b1) ...
Setting up less (668-1) ...
Setting up libapparmor1:amd64 (4.1.0-1) ...
Setting up libasan8:amd64 (14.2.0-19) ...
Setting up libasound2-data (1.2.14-1+deb13u1) ...
Setting up libasound2t64:amd64 (1.2.14-1+deb13u1) ...
Setting up libatomic1:amd64 (14.2.0-19) ...
Setting up libbrotli1:amd64 (1.1.0-2+b7) ...
Setting up libc-dev-bin (2.41-12+deb13u4) ...
Setting up libcbor0.10:amd64 (0.10.2-2) ...
Setting up libcc1-0:amd64 (14.2.0-19) ...
Setting up libcom-err2:amd64 (1.47.2-3+b12) ...
Setting up libcrypt-dev:amd64 (1:4.4.38-1) ...
Setting up libctf-nobfd0:amd64 (2.44-3) ...
Setting up libdbus-1-3:amd64 (1.16.2-2) ...
Setting up libedit2:amd64 (3.1-20250104-1) ...
Setting up libevent-core-2.1-7t64:amd64 (2.1.13-stable-1~deb13u1) ...
Setting up libexpat1:amd64 (2.8.3-1~deb13u1) ...
Setting up libffi8:amd64 (3.4.8-2) ...
Setting up libfido2-1:amd64 (1.15.0-1+b1) ...
Setting up libgomp1:amd64 (14.2.0-19) ...
Setting up libgpm2:amd64 (1.20.7-11+b2) ...
Setting up libhwasan0:amd64 (14.2.0-19) ...
Setting up libisl23:amd64 (0.27-1) ...
Setting up libitm1:amd64 (14.2.0-19) ...
Setting up libjansson4:amd64 (2.14-2+b3) ...
Setting up libjemalloc2:amd64 (5.3.0-3) ...
Setting up libjsoncpp26:amd64 (1.9.6-3) ...
Setting up libkeyutils1:amd64 (1.6.3-6) ...
Setting up libkrb5support0:amd64 (1.21.3-5+deb13u1) ...
Setting up liblcms2-2:amd64 (2.16-2+deb13u2) ...
Setting up liblsan0:amd64 (14.2.0-19) ...
Setting up libmagic-mgc (1:5.46-5) ...
Setting up libmagic1t64:amd64 (1:5.46-5) ...
Setting up libmpfr6:amd64 (4.2.2-1) ...
Setting up libncursesw6:amd64 (6.5+20250216-2) ...
Setting up libnghttp2-14:amd64 (1.64.0-1.1+deb13u1) ...
Setting up libnghttp3-9:amd64 (1.8.0-1) ...
Setting up libp11-kit0:amd64 (0.25.5-3) ...
Setting up libpng16-16t64:amd64 (1.6.48-1+deb13u5) ...
Setting up libproc2-0:amd64 (2:4.0.4-9) ...
Setting up libpython3.13-minimal:amd64 (3.13.5-2+deb13u5) ...
Setting up libquadmath0:amd64 (14.2.0-19) ...
Setting up librhash1:amd64 (1.4.5-1) ...
Setting up libsasl2-modules-db:amd64 (2.1.28+dfsg1-9) ...
Setting up libsframe1:amd64 (2.44-3) ...
Setting up libssh2-1t64:amd64 (1.11.1-1+deb13u2) ...
Setting up libsystemd-shared:amd64 (257.13-1~deb13u1) ...
Setting up libtasn1-6:amd64 (4.20.0-2+deb13u1) ...
Setting up libtext-charwidth-perl:amd64 (0.04-11+b4) ...
Setting up libtext-wrapi18n-perl (0.06-10) ...
Setting up libtree-sitter0.22:amd64 (0.22.6-6+b1) ...
Setting up libtsan2:amd64 (14.2.0-19) ...
Setting up libubsan1:amd64 (14.2.0-19) ...
Setting up libunistring5:amd64 (1.3-2) ...
Setting up libutempter0:amd64 (1.2.1-4) ...
Setting up libuv1t64:amd64 (1.50.0-2) ...
Setting up libvterm0:amd64 (0.3.3-3+b1) ...
Setting up libwrap0:amd64 (7.6.q-36) ...
Setting up libwtmpdb0:amd64 (0.73.0-3+deb13u1) ...
Setting up libx11-data (2:1.8.12-1) ...
Setting up libxau6:amd64 (1:1.0.11-1) ...
Setting up libxdmcp6:amd64 (1:1.1.5-1) ...
Setting up libxml2:amd64 (2.12.7+dfsg+really2.9.14-2.1+deb13u3) ...
Setting up linux-libc-dev (6.12.107-1) ...
Setting up media-types (13.0.0) ...
Setting up netbase (6.5) ...
dpkg: dependency problems prevent configuration of openssh-server:
 openssh-server depends on systemd | systemd-standalone-sysusers | systemd-sysusers; however:
  Package systemd is not installed.
  Package systemd-standalone-sysusers is not installed.
  Package systemd-sysusers is not installed.

dpkg: error processing package openssh-server (--install):
 dependency problems - leaving unconfigured
Setting up procps (2:4.0.4-9) ...
dpkg: dependency problems prevent configuration of python3-autocommand:
 python3-autocommand depends on python3:any.

dpkg: error processing package python3-autocommand (--install):
 dependency problems - leaving unconfigured
dpkg: dependency problems prevent configuration of python3-inflect:
 python3-inflect depends on python3:any.

dpkg: error processing package python3-inflect (--install):
 dependency problems - leaving unconfigured
dpkg: dependency problems prevent configuration of python3-jaraco.context:
 python3-jaraco.context depends on python3-setuptools | python3-supported-min (>= 3.12); however:
  Package python3-setuptools is not installed.
  Package python3-supported-min is not installed.
 python3-jaraco.context depends on python3:any.

dpkg: error processing package python3-jaraco.context (--install):
 dependency problems - leaving unconfigured
dpkg: dependency problems prevent configuration of python3-jaraco.functools:
 python3-jaraco.functools depends on python3:any.

dpkg: error processing package python3-jaraco.functools (--install):
 dependency problems - leaving unconfigured
dpkg: dependency problems prevent configuration of python3-more-itertools:
 python3-more-itertools depends on python3:any.

dpkg: error processing package python3-more-itertools (--install):
 dependency problems - leaving unconfigured
dpkg: dependency problems prevent configuration of python3-pkg-resources:
 python3-pkg-resources depends on python3-autocommand; however:
  Package python3-autocommand is not configured yet.
 python3-pkg-resources depends on python3-inflect; however:
  Package python3-inflect is not configured yet.
 python3-pkg-resources depends on python3-jaraco.context; however:
  Package python3-jaraco.context is not configured yet.
 python3-pkg-resources depends on python3-jaraco.functools; however:
  Package python3-jaraco.functools is not configured yet.
 python3-pkg-resources depends on python3-more-itertools; however:
  Package python3-more-itertools is not configured yet.
 python3-pkg-resources depends on python3:any.

dpkg: error processing package python3-pkg-resources (--install):
 dependency problems - leaving unconfigured
dpkg: dependency problems prevent configuration of python3-typeguard:
 python3-typeguard depends on python3-importlib-metadata | python3-supported-min (>= 3.10); however:
  Package python3-importlib-metadata is not installed.
  Package python3-supported-min is not installed.
 python3-typeguard depends on python3:any.

dpkg: error processing package python3-typeguard (--install):
 dependency problems - leaving unconfigured
dpkg: dependency problems prevent configuration of python3-typing-extensions:
 python3-typing-extensions depends on python3:any.

dpkg: error processing package python3-typing-extensions (--install):
 dependency problems - leaving unconfigured
Setting up python3.13-minimal (3.13.5-2+deb13u5) ...
Setting up readline-common (8.2-6) ...
Setting up rpcsvc-proto (1.4.3-1) ...
Setting up runit-helper (2.16.4) ...
Setting up screen (4.9.1-3) ...
Setting up sensible-utils (0.0.25) ...
Setting up tmux (3.5a-3) ...
Setting up ucf (3.0052) ...
Setting up x11-common (1:7.7+24+deb13u1) ...
invoke-rc.d: could not determine current runlevel
invoke-rc.d: policy-rc.d denied execution of start.
Setting up xbitmaps (1.1.1-2.2) ...
Setting up elpa-marginalia (2.0-1) ...
Setting up elpa-vertico (2.1-1) ...
Setting up file (1:5.46-5) ...
Setting up fonts-dejavu-core (2.37-8) ...
Setting up libarchive13t64:amd64 (3.7.4-4+deb13u1) ...
Setting up libbinutils:amd64 (2.44-3) ...
Setting up libc6-dev:amd64 (2.41-12+deb13u4) ...
Setting up libctf0:amd64 (2.44-3) ...
Setting up libfreetype6:amd64 (2.13.3+dfsg-1+deb13u1) ...
Setting up libgcc-14-dev:amd64 (14.2.0-19) ...
Setting up libgprofng0:amd64 (2.44-3) ...
Setting up libice6:amd64 (2:1.1.1-1) ...
Setting up libidn2-0:amd64 (2.3.8-2) ...
Setting up libk5crypto3:amd64 (1.21.3-5+deb13u1) ...
Setting up libkrb5-3:amd64 (1.21.3-5+deb13u1) ...
Setting up libmpc3:amd64 (1.3.1-1+b3) ...
Setting up libpsl5t64:amd64 (0.21.2-1.1+b1) ...
Setting up libreadline8t64:amd64 (8.2-6) ...
Setting up libsasl2-2:amd64 (2.1.28+dfsg1-9) ...
Setting up libsm6:amd64 (2:1.2.6-1) ...
Setting up libvterm-dev:amd64 (0.3.3-3+b1) ...
Setting up libxcb1:amd64 (1.17.0-2+b1) ...
Setting up binutils-x86-64-linux-gnu (2.44-3) ...
Setting up binutils (2.44-3) ...
Setting up cpp-14-x86-64-linux-gnu (14.2.0-19) ...
Setting up cpp-14 (14.2.0-19) ...
Setting up cpp-x86-64-linux-gnu (4:14.2.0-1) ...
Setting up cpp (4:14.2.0-1) ...
Setting up fontconfig-config (2.15.0-2.3) ...
Setting up gcc-14-x86-64-linux-gnu (14.2.0-19) ...
Setting up gcc-14 (14.2.0-19) ...
Setting up gcc-x86-64-linux-gnu (4:14.2.0-1) ...
Setting up gcc (4:14.2.0-1) ...
Setting up libfontconfig1:amd64 (2.15.0-2.3) ...
Setting up libgccjit0:amd64 (14.2.0-19) ...
Setting up libgnutls30t64:amd64 (3.8.9-3+deb13u4) ...
Setting up libgssapi-krb5-2:amd64 (1.21.3-5+deb13u1) ...
Setting up libldap2:amd64 (2.6.10+dfsg-1) ...
Setting up libpython3.13-stdlib:amd64 (3.13.5-2+deb13u5) ...
Setting up librtmp1:amd64 (2.4+20151223.gitfa8646d.1-2+b5) ...
Setting up libtool (2.5.4-4) ...
Setting up libx11-6:amd64 (2:1.8.12-1) ...
Setting up libxext6:amd64 (2:1.3.4-1+b3) ...
Setting up libxinerama1:amd64 (2:1.1.4-3+b4) ...
Setting up libxpm4:amd64 (1:3.5.17-1+deb13u1) ...
Setting up libxrender1:amd64 (1:0.9.12-1) ...
Setting up libxt6t64:amd64 (1:1.2.1-1.2+b2) ...
Setting up openssh-client (1:10.0p1-7+deb13u4) ...
Setting up openssh-sftp-server (1:10.0p1-7+deb13u4) ...
Setting up python3.13 (3.13.5-2+deb13u5) ...
Setting up libcurl4t64:amd64 (8.14.1-2+deb13u5) ...
Setting up libpython3-stdlib:amd64 (3.13.5-1) ...
Setting up libtool-bin (2.5.4-4) ...
Setting up libxft2:amd64 (2.3.6-1+b4) ...
Setting up libxmu6:amd64 (2:1.1.3-3+b4) ...
Setting up cmake (3.31.6-2) ...
Setting up libxaw7:amd64 (2:1.0.16-1) ...
Setting up xterm (398-1) ...
update-alternatives: using /usr/bin/xterm to provide /usr/bin/x-terminal-emulator (x-terminal-emulator) in auto mode
update-alternatives: using /usr/bin/lxterm to provide /usr/bin/x-terminal-emulator (x-terminal-emulator) in auto mode
Setting up emacs-el (1:30.1+1-6+deb13u1) ...
Setting up emacs-common (1:30.1+1-6+deb13u1) ...
Setting up emacs-bin-common (1:30.1+1-6+deb13u1) ...
update-alternatives: using /usr/bin/ctags.emacs to provide /usr/bin/ctags (ctags) in auto mode
update-alternatives: using /usr/bin/ebrowse.emacs to provide /usr/bin/ebrowse (ebrowse) in auto mode
update-alternatives: using /usr/bin/etags.emacs to provide /usr/bin/etags (etags) in auto mode
Setting up emacs-nox (1:30.1+1-6+deb13u1) ...
update-alternatives: using /usr/bin/emacs-nox to provide /usr/bin/emacs (emacs) in auto mode
update-alternatives: using /usr/bin/emacs to provide /usr/bin/editor (editor) in auto mode
update-alternatives: using /usr/bin/emacsclient.emacs to provide /usr/bin/emacsclient (emacsclient) in auto mode
Install emacsen-common for emacs
emacsen-common: Handling install of emacsen flavor emacs
Install elpa-marginalia for emacs
install/marginalia-2.0: Handling install of emacsen flavor emacs
install/marginalia-2.0: byte-compiling for emacs
Install elpa-vertico for emacs
install/vertico-2.1: Handling install of emacsen flavor emacs
install/vertico-2.1: byte-compiling for emacs
Processing triggers for libc-bin (2.41-12+deb13u4) ...
Processing triggers for debianutils (5.23.2) ...
Errors were encountered while processing:
 /tmp/debs/python3-minimal_3.13.5-1_amd64.deb
 /tmp/debs/python3_3.13.5-1_amd64.deb
 /tmp/debs/systemd_257.13-1~deb13u1_amd64.deb
 asciinema
 openssh-server
 python3-autocommand
 python3-inflect
 python3-jaraco.context
 python3-jaraco.functools
 python3-more-itertools
 python3-pkg-resources
 python3-typeguard
 python3-typing-extensions
(Reading database ... 20324 files and directories currently installed.)
Preparing to unpack .../tmp/debs/adduser_3.152_all.deb ...
Unpacking adduser (3.152) over (3.152) ...
Preparing to unpack .../debs/asciinema_2.4.0-1_all.deb ...
Unpacking asciinema (2.4.0-1) over (2.4.0-1) ...
Preparing to unpack .../autotools-dev_20240727.1_all.deb ...
Unpacking autotools-dev (20240727.1) over (20240727.1) ...
Preparing to unpack .../binutils-common_2.44-3_amd64.deb ...
Unpacking binutils-common:amd64 (2.44-3) over (2.44-3) ...
Preparing to unpack .../binutils-x86-64-linux-gnu_2.44-3_amd64.deb ...
Unpacking binutils-x86-64-linux-gnu (2.44-3) over (2.44-3) ...
Preparing to unpack .../debs/binutils_2.44-3_amd64.deb ...
Unpacking binutils (2.44-3) over (2.44-3) ...
Preparing to unpack .../cmake-data_3.31.6-2_all.deb ...
Unpacking cmake-data (3.31.6-2) over (3.31.6-2) ...
Preparing to unpack .../debs/cmake_3.31.6-2_amd64.deb ...
Unpacking cmake (3.31.6-2) over (3.31.6-2) ...
Preparing to unpack .../cpp-14-x86-64-linux-gnu_14.2.0-19_amd64.deb ...
Unpacking cpp-14-x86-64-linux-gnu (14.2.0-19) over (14.2.0-19) ...
Preparing to unpack .../cpp-14_14.2.0-19_amd64.deb ...
Unpacking cpp-14 (14.2.0-19) over (14.2.0-19) ...
Preparing to unpack .../cpp-x86-64-linux-gnu_4%3a14.2.0-1_amd64.deb ...
Unpacking cpp-x86-64-linux-gnu (4:14.2.0-1) over (4:14.2.0-1) ...
Preparing to unpack .../cpp_4%3a14.2.0-1_amd64.deb ...
Unpacking cpp (4:14.2.0-1) over (4:14.2.0-1) ...
Preparing to unpack .../dh-elpa-helper_2.1.9_all.deb ...
Unpacking dh-elpa-helper (2.1.9) over (2.1.9) ...
Preparing to unpack .../elpa-marginalia_2.0-1_all.deb ...
Unpacking elpa-marginalia (2.0-1) over (2.0-1) ...
Preparing to unpack .../elpa-vertico_2.1-1_all.deb ...
Unpacking elpa-vertico (2.1-1) over (2.1-1) ...
Preparing to unpack .../emacs-bin-common_1%3a30.1+1-6+deb13u1_amd64.deb ...
Unpacking emacs-bin-common (1:30.1+1-6+deb13u1) over (1:30.1+1-6+deb13u1) ...
Preparing to unpack .../emacs-common_1%3a30.1+1-6+deb13u1_all.deb ...
Unpacking emacs-common (1:30.1+1-6+deb13u1) over (1:30.1+1-6+deb13u1) ...
Preparing to unpack .../emacs-el_1%3a30.1+1-6+deb13u1_all.deb ...
Unpacking emacs-el (1:30.1+1-6+deb13u1) over (1:30.1+1-6+deb13u1) ...
Preparing to unpack .../emacs-nox_1%3a30.1+1-6+deb13u1_amd64.deb ...
Remove elpa-marginalia for emacs
Remove elpa-vertico for emacs
Remove emacsen-common for emacs
emacsen-common: Handling removal of emacsen flavor emacs
Unpacking emacs-nox (1:30.1+1-6+deb13u1) over (1:30.1+1-6+deb13u1) ...
Preparing to unpack .../emacsen-common_3.0.8_all.deb ...
Unpacking emacsen-common (3.0.8) over (3.0.8) ...
Preparing to unpack .../debs/file_1%3a5.46-5_amd64.deb ...
Unpacking file (1:5.46-5) over (1:5.46-5) ...
Preparing to unpack .../fontconfig-config_2.15.0-2.3_amd64.deb ...
Unpacking fontconfig-config (2.15.0-2.3) over (2.15.0-2.3) ...
Preparing to unpack .../fonts-dejavu-core_2.37-8_all.deb ...
Unpacking fonts-dejavu-core (2.37-8) over (2.37-8) ...
Preparing to unpack .../fonts-dejavu-mono_2.37-8_all.deb ...
Unpacking fonts-dejavu-mono (2.37-8) over (2.37-8) ...
Preparing to unpack .../gcc-14-x86-64-linux-gnu_14.2.0-19_amd64.deb ...
Unpacking gcc-14-x86-64-linux-gnu (14.2.0-19) over (14.2.0-19) ...
Preparing to unpack .../gcc-14_14.2.0-19_amd64.deb ...
Unpacking gcc-14 (14.2.0-19) over (14.2.0-19) ...
Preparing to unpack .../gcc-x86-64-linux-gnu_4%3a14.2.0-1_amd64.deb ...
Unpacking gcc-x86-64-linux-gnu (4:14.2.0-1) over (4:14.2.0-1) ...
Preparing to unpack .../gcc_4%3a14.2.0-1_amd64.deb ...
Unpacking gcc (4:14.2.0-1) over (4:14.2.0-1) ...
Preparing to unpack .../install-info_7.1.1-1+b1_amd64.deb ...
Unpacking install-info (7.1.1-1+b1) over (7.1.1-1+b1) ...
Preparing to unpack /tmp/debs/less_668-1_amd64.deb ...
Unpacking less (668-1) over (668-1) ...
Preparing to unpack .../libapparmor1_4.1.0-1_amd64.deb ...
Unpacking libapparmor1:amd64 (4.1.0-1) over (4.1.0-1) ...
Preparing to unpack .../libarchive13t64_3.7.4-4+deb13u1_amd64.deb ...
Unpacking libarchive13t64:amd64 (3.7.4-4+deb13u1) over (3.7.4-4+deb13u1) ...
Preparing to unpack .../libasan8_14.2.0-19_amd64.deb ...
Unpacking libasan8:amd64 (14.2.0-19) over (14.2.0-19) ...
Preparing to unpack .../libasound2-data_1.2.14-1+deb13u1_all.deb ...
Unpacking libasound2-data (1.2.14-1+deb13u1) over (1.2.14-1+deb13u1) ...
Preparing to unpack .../libasound2t64_1.2.14-1+deb13u1_amd64.deb ...
Unpacking libasound2t64:amd64 (1.2.14-1+deb13u1) over (1.2.14-1+deb13u1) ...
Preparing to unpack .../libatomic1_14.2.0-19_amd64.deb ...
Unpacking libatomic1:amd64 (14.2.0-19) over (14.2.0-19) ...
Preparing to unpack .../libbinutils_2.44-3_amd64.deb ...
Unpacking libbinutils:amd64 (2.44-3) over (2.44-3) ...
Preparing to unpack .../libbrotli1_1.1.0-2+b7_amd64.deb ...
Unpacking libbrotli1:amd64 (1.1.0-2+b7) over (1.1.0-2+b7) ...
Preparing to unpack .../libc-dev-bin_2.41-12+deb13u4_amd64.deb ...
Unpacking libc-dev-bin (2.41-12+deb13u4) over (2.41-12+deb13u4) ...
Preparing to unpack .../libc6-dev_2.41-12+deb13u4_amd64.deb ...
Unpacking libc6-dev:amd64 (2.41-12+deb13u4) over (2.41-12+deb13u4) ...
Preparing to unpack .../libcbor0.10_0.10.2-2_amd64.deb ...
Unpacking libcbor0.10:amd64 (0.10.2-2) over (0.10.2-2) ...
Preparing to unpack .../libcc1-0_14.2.0-19_amd64.deb ...
Unpacking libcc1-0:amd64 (14.2.0-19) over (14.2.0-19) ...
Preparing to unpack .../libcom-err2_1.47.2-3+b12_amd64.deb ...
Unpacking libcom-err2:amd64 (1.47.2-3+b12) over (1.47.2-3+b12) ...
Preparing to unpack .../libcrypt-dev_1%3a4.4.38-1_amd64.deb ...
Unpacking libcrypt-dev:amd64 (1:4.4.38-1) over (1:4.4.38-1) ...
Preparing to unpack .../libctf-nobfd0_2.44-3_amd64.deb ...
Unpacking libctf-nobfd0:amd64 (2.44-3) over (2.44-3) ...
Preparing to unpack .../debs/libctf0_2.44-3_amd64.deb ...
Unpacking libctf0:amd64 (2.44-3) over (2.44-3) ...
Preparing to unpack .../libcurl4t64_8.14.1-2+deb13u5_amd64.deb ...
Unpacking libcurl4t64:amd64 (8.14.1-2+deb13u5) over (8.14.1-2+deb13u5) ...
Preparing to unpack .../libdbus-1-3_1.16.2-2_amd64.deb ...
Unpacking libdbus-1-3:amd64 (1.16.2-2) over (1.16.2-2) ...
Preparing to unpack .../libedit2_3.1-20250104-1_amd64.deb ...
Unpacking libedit2:amd64 (3.1-20250104-1) over (3.1-20250104-1) ...
Preparing to unpack .../libevent-core-2.1-7t64_2.1.13-stable-1~deb13u1_amd64.deb ...
Unpacking libevent-core-2.1-7t64:amd64 (2.1.13-stable-1~deb13u1) over (2.1.13-stable-1~deb13u1) ...
Preparing to unpack .../libexpat1_2.8.3-1~deb13u1_amd64.deb ...
Unpacking libexpat1:amd64 (2.8.3-1~deb13u1) over (2.8.3-1~deb13u1) ...
Preparing to unpack .../debs/libffi8_3.4.8-2_amd64.deb ...
Unpacking libffi8:amd64 (3.4.8-2) over (3.4.8-2) ...
Preparing to unpack .../libfido2-1_1.15.0-1+b1_amd64.deb ...
Unpacking libfido2-1:amd64 (1.15.0-1+b1) over (1.15.0-1+b1) ...
Preparing to unpack .../libfontconfig1_2.15.0-2.3_amd64.deb ...
Unpacking libfontconfig1:amd64 (2.15.0-2.3) over (2.15.0-2.3) ...
Preparing to unpack .../libfreetype6_2.13.3+dfsg-1+deb13u1_amd64.deb ...
Unpacking libfreetype6:amd64 (2.13.3+dfsg-1+deb13u1) over (2.13.3+dfsg-1+deb13u1) ...
Preparing to unpack .../libgcc-14-dev_14.2.0-19_amd64.deb ...
Unpacking libgcc-14-dev:amd64 (14.2.0-19) over (14.2.0-19) ...
Preparing to unpack .../libgccjit0_14.2.0-19_amd64.deb ...
Unpacking libgccjit0:amd64 (14.2.0-19) over (14.2.0-19) ...
Preparing to unpack .../libgnutls30t64_3.8.9-3+deb13u4_amd64.deb ...
Unpacking libgnutls30t64:amd64 (3.8.9-3+deb13u4) over (3.8.9-3+deb13u4) ...
Preparing to unpack .../libgomp1_14.2.0-19_amd64.deb ...
Unpacking libgomp1:amd64 (14.2.0-19) over (14.2.0-19) ...
Preparing to unpack .../libgpm2_1.20.7-11+b2_amd64.deb ...
Unpacking libgpm2:amd64 (1.20.7-11+b2) over (1.20.7-11+b2) ...
Preparing to unpack .../libgprofng0_2.44-3_amd64.deb ...
Unpacking libgprofng0:amd64 (2.44-3) over (2.44-3) ...
Preparing to unpack .../libgssapi-krb5-2_1.21.3-5+deb13u1_amd64.deb ...
Unpacking libgssapi-krb5-2:amd64 (1.21.3-5+deb13u1) over (1.21.3-5+deb13u1) ...
Preparing to unpack .../libhwasan0_14.2.0-19_amd64.deb ...
Unpacking libhwasan0:amd64 (14.2.0-19) over (14.2.0-19) ...
Preparing to unpack .../libice6_2%3a1.1.1-1_amd64.deb ...
Unpacking libice6:amd64 (2:1.1.1-1) over (2:1.1.1-1) ...
Preparing to unpack .../libidn2-0_2.3.8-2_amd64.deb ...
Unpacking libidn2-0:amd64 (2.3.8-2) over (2.3.8-2) ...
Preparing to unpack .../debs/libisl23_0.27-1_amd64.deb ...
Unpacking libisl23:amd64 (0.27-1) over (0.27-1) ...
Preparing to unpack .../libitm1_14.2.0-19_amd64.deb ...
Unpacking libitm1:amd64 (14.2.0-19) over (14.2.0-19) ...
Preparing to unpack .../libjansson4_2.14-2+b3_amd64.deb ...
Unpacking libjansson4:amd64 (2.14-2+b3) over (2.14-2+b3) ...
Preparing to unpack .../libjemalloc2_5.3.0-3_amd64.deb ...
Unpacking libjemalloc2:amd64 (5.3.0-3) over (5.3.0-3) ...
Preparing to unpack .../libjsoncpp26_1.9.6-3_amd64.deb ...
Unpacking libjsoncpp26:amd64 (1.9.6-3) over (1.9.6-3) ...
Preparing to unpack .../libk5crypto3_1.21.3-5+deb13u1_amd64.deb ...
Unpacking libk5crypto3:amd64 (1.21.3-5+deb13u1) over (1.21.3-5+deb13u1) ...
Preparing to unpack .../libkeyutils1_1.6.3-6_amd64.deb ...
Unpacking libkeyutils1:amd64 (1.6.3-6) over (1.6.3-6) ...
Preparing to unpack .../libkrb5-3_1.21.3-5+deb13u1_amd64.deb ...
Unpacking libkrb5-3:amd64 (1.21.3-5+deb13u1) over (1.21.3-5+deb13u1) ...
Preparing to unpack .../libkrb5support0_1.21.3-5+deb13u1_amd64.deb ...
Unpacking libkrb5support0:amd64 (1.21.3-5+deb13u1) over (1.21.3-5+deb13u1) ...
Preparing to unpack .../liblcms2-2_2.16-2+deb13u2_amd64.deb ...
Unpacking liblcms2-2:amd64 (2.16-2+deb13u2) over (2.16-2+deb13u2) ...
Preparing to unpack .../libldap2_2.6.10+dfsg-1_amd64.deb ...
Unpacking libldap2:amd64 (2.6.10+dfsg-1) over (2.6.10+dfsg-1) ...
Preparing to unpack .../liblsan0_14.2.0-19_amd64.deb ...
Unpacking liblsan0:amd64 (14.2.0-19) over (14.2.0-19) ...
Preparing to unpack .../libmagic-mgc_1%3a5.46-5_amd64.deb ...
Unpacking libmagic-mgc (1:5.46-5) over (1:5.46-5) ...
Preparing to unpack .../libmagic1t64_1%3a5.46-5_amd64.deb ...
Unpacking libmagic1t64:amd64 (1:5.46-5) over (1:5.46-5) ...
Preparing to unpack .../libmpc3_1.3.1-1+b3_amd64.deb ...
Unpacking libmpc3:amd64 (1.3.1-1+b3) over (1.3.1-1+b3) ...
Preparing to unpack .../libmpfr6_4.2.2-1_amd64.deb ...
Unpacking libmpfr6:amd64 (4.2.2-1) over (4.2.2-1) ...
Preparing to unpack .../libncursesw6_6.5+20250216-2_amd64.deb ...
Unpacking libncursesw6:amd64 (6.5+20250216-2) over (6.5+20250216-2) ...
Preparing to unpack .../libnghttp2-14_1.64.0-1.1+deb13u1_amd64.deb ...
Unpacking libnghttp2-14:amd64 (1.64.0-1.1+deb13u1) over (1.64.0-1.1+deb13u1) ...
Preparing to unpack .../libnghttp3-9_1.8.0-1_amd64.deb ...
Unpacking libnghttp3-9:amd64 (1.8.0-1) over (1.8.0-1) ...
Preparing to unpack .../libp11-kit0_0.25.5-3_amd64.deb ...
Unpacking libp11-kit0:amd64 (0.25.5-3) over (0.25.5-3) ...
Preparing to unpack .../libpng16-16t64_1.6.48-1+deb13u5_amd64.deb ...
Unpacking libpng16-16t64:amd64 (1.6.48-1+deb13u5) over (1.6.48-1+deb13u5) ...
Preparing to unpack .../libproc2-0_2%3a4.0.4-9_amd64.deb ...
Unpacking libproc2-0:amd64 (2:4.0.4-9) over (2:4.0.4-9) ...
Preparing to unpack .../libpsl5t64_0.21.2-1.1+b1_amd64.deb ...
Unpacking libpsl5t64:amd64 (0.21.2-1.1+b1) over (0.21.2-1.1+b1) ...
Preparing to unpack .../libpython3-stdlib_3.13.5-1_amd64.deb ...
Unpacking libpython3-stdlib:amd64 (3.13.5-1) over (3.13.5-1) ...
Preparing to unpack .../libpython3.13-minimal_3.13.5-2+deb13u5_amd64.deb ...
Unpacking libpython3.13-minimal:amd64 (3.13.5-2+deb13u5) over (3.13.5-2+deb13u5) ...
Preparing to unpack .../libpython3.13-stdlib_3.13.5-2+deb13u5_amd64.deb ...
Unpacking libpython3.13-stdlib:amd64 (3.13.5-2+deb13u5) over (3.13.5-2+deb13u5) ...
Preparing to unpack .../libquadmath0_14.2.0-19_amd64.deb ...
Unpacking libquadmath0:amd64 (14.2.0-19) over (14.2.0-19) ...
Preparing to unpack .../libreadline8t64_8.2-6_amd64.deb ...
Leaving 'diversion of /lib/x86_64-linux-gnu/libhistory.so.8 to /lib/x86_64-linux-gnu/libhistory.so.8.usr-is-merged by libreadline8t64'
Leaving 'diversion of /lib/x86_64-linux-gnu/libhistory.so.8.2 to /lib/x86_64-linux-gnu/libhistory.so.8.2.usr-is-merged by libreadline8t64'
Leaving 'diversion of /lib/x86_64-linux-gnu/libreadline.so.8 to /lib/x86_64-linux-gnu/libreadline.so.8.usr-is-merged by libreadline8t64'
Leaving 'diversion of /lib/x86_64-linux-gnu/libreadline.so.8.2 to /lib/x86_64-linux-gnu/libreadline.so.8.2.usr-is-merged by libreadline8t64'
Unpacking libreadline8t64:amd64 (8.2-6) over (8.2-6) ...
Preparing to unpack .../librhash1_1.4.5-1_amd64.deb ...
Unpacking librhash1:amd64 (1.4.5-1) over (1.4.5-1) ...
Preparing to unpack .../librtmp1_2.4+20151223.gitfa8646d.1-2+b5_amd64.deb ...
Unpacking librtmp1:amd64 (2.4+20151223.gitfa8646d.1-2+b5) over (2.4+20151223.gitfa8646d.1-2+b5) ...
Preparing to unpack .../libsasl2-2_2.1.28+dfsg1-9_amd64.deb ...
Unpacking libsasl2-2:amd64 (2.1.28+dfsg1-9) over (2.1.28+dfsg1-9) ...
Preparing to unpack .../libsasl2-modules-db_2.1.28+dfsg1-9_amd64.deb ...
Unpacking libsasl2-modules-db:amd64 (2.1.28+dfsg1-9) over (2.1.28+dfsg1-9) ...
Preparing to unpack .../libsframe1_2.44-3_amd64.deb ...
Unpacking libsframe1:amd64 (2.44-3) over (2.44-3) ...
Preparing to unpack .../libsm6_2%3a1.2.6-1_amd64.deb ...
Unpacking libsm6:amd64 (2:1.2.6-1) over (2:1.2.6-1) ...
Preparing to unpack .../libssh2-1t64_1.11.1-1+deb13u2_amd64.deb ...
Unpacking libssh2-1t64:amd64 (1.11.1-1+deb13u2) over (1.11.1-1+deb13u2) ...
Preparing to unpack .../libsystemd-shared_257.13-1~deb13u1_amd64.deb ...
Unpacking libsystemd-shared:amd64 (257.13-1~deb13u1) over (257.13-1~deb13u1) ...
Preparing to unpack .../libtasn1-6_4.20.0-2+deb13u1_amd64.deb ...
Unpacking libtasn1-6:amd64 (4.20.0-2+deb13u1) over (4.20.0-2+deb13u1) ...
Preparing to unpack .../libtext-charwidth-perl_0.04-11+b4_amd64.deb ...
Unpacking libtext-charwidth-perl:amd64 (0.04-11+b4) over (0.04-11+b4) ...
Preparing to unpack .../libtext-wrapi18n-perl_0.06-10_all.deb ...
Unpacking libtext-wrapi18n-perl (0.06-10) over (0.06-10) ...
Preparing to unpack .../libtool-bin_2.5.4-4_amd64.deb ...
Unpacking libtool-bin (2.5.4-4) over (2.5.4-4) ...
Preparing to unpack .../debs/libtool_2.5.4-4_all.deb ...
Unpacking libtool (2.5.4-4) over (2.5.4-4) ...
Preparing to unpack .../libtree-sitter0.22_0.22.6-6+b1_amd64.deb ...
Unpacking libtree-sitter0.22:amd64 (0.22.6-6+b1) over (0.22.6-6+b1) ...
Preparing to unpack .../libtsan2_14.2.0-19_amd64.deb ...
Unpacking libtsan2:amd64 (14.2.0-19) over (14.2.0-19) ...
Preparing to unpack .../libubsan1_14.2.0-19_amd64.deb ...
Unpacking libubsan1:amd64 (14.2.0-19) over (14.2.0-19) ...
Preparing to unpack .../libunistring5_1.3-2_amd64.deb ...
Unpacking libunistring5:amd64 (1.3-2) over (1.3-2) ...
Preparing to unpack .../libutempter0_1.2.1-4_amd64.deb ...
Unpacking libutempter0:amd64 (1.2.1-4) over (1.2.1-4) ...
Preparing to unpack .../libuv1t64_1.50.0-2_amd64.deb ...
Unpacking libuv1t64:amd64 (1.50.0-2) over (1.50.0-2) ...
Preparing to unpack .../libvterm-dev_0.3.3-3+b1_amd64.deb ...
Unpacking libvterm-dev:amd64 (0.3.3-3+b1) over (0.3.3-3+b1) ...
Preparing to unpack .../libvterm0_0.3.3-3+b1_amd64.deb ...
Unpacking libvterm0:amd64 (0.3.3-3+b1) over (0.3.3-3+b1) ...
Preparing to unpack .../libwrap0_7.6.q-36_amd64.deb ...
Unpacking libwrap0:amd64 (7.6.q-36) over (7.6.q-36) ...
Preparing to unpack .../libwtmpdb0_0.73.0-3+deb13u1_amd64.deb ...
Unpacking libwtmpdb0:amd64 (0.73.0-3+deb13u1) over (0.73.0-3+deb13u1) ...
Preparing to unpack .../libx11-6_2%3a1.8.12-1_amd64.deb ...
Unpacking libx11-6:amd64 (2:1.8.12-1) over (2:1.8.12-1) ...
Preparing to unpack .../libx11-data_2%3a1.8.12-1_all.deb ...
Unpacking libx11-data (2:1.8.12-1) over (2:1.8.12-1) ...
Preparing to unpack .../libxau6_1%3a1.0.11-1_amd64.deb ...
Unpacking libxau6:amd64 (1:1.0.11-1) over (1:1.0.11-1) ...
Preparing to unpack .../libxaw7_2%3a1.0.16-1_amd64.deb ...
Unpacking libxaw7:amd64 (2:1.0.16-1) over (2:1.0.16-1) ...
Preparing to unpack .../libxcb1_1.17.0-2+b1_amd64.deb ...
Unpacking libxcb1:amd64 (1.17.0-2+b1) over (1.17.0-2+b1) ...
Preparing to unpack .../libxdmcp6_1%3a1.1.5-1_amd64.deb ...
Unpacking libxdmcp6:amd64 (1:1.1.5-1) over (1:1.1.5-1) ...
Preparing to unpack .../libxext6_2%3a1.3.4-1+b3_amd64.deb ...
Unpacking libxext6:amd64 (2:1.3.4-1+b3) over (2:1.3.4-1+b3) ...
Preparing to unpack .../libxft2_2.3.6-1+b4_amd64.deb ...
Unpacking libxft2:amd64 (2.3.6-1+b4) over (2.3.6-1+b4) ...
Preparing to unpack .../libxinerama1_2%3a1.1.4-3+b4_amd64.deb ...
Unpacking libxinerama1:amd64 (2:1.1.4-3+b4) over (2:1.1.4-3+b4) ...
Preparing to unpack .../libxml2_2.12.7+dfsg+really2.9.14-2.1+deb13u3_amd64.deb ...
Unpacking libxml2:amd64 (2.12.7+dfsg+really2.9.14-2.1+deb13u3) over (2.12.7+dfsg+really2.9.14-2.1+deb13u3) ...
Preparing to unpack .../libxmu6_2%3a1.1.3-3+b4_amd64.deb ...
Unpacking libxmu6:amd64 (2:1.1.3-3+b4) over (2:1.1.3-3+b4) ...
Preparing to unpack .../libxpm4_1%3a3.5.17-1+deb13u1_amd64.deb ...
Unpacking libxpm4:amd64 (1:3.5.17-1+deb13u1) over (1:3.5.17-1+deb13u1) ...
Preparing to unpack .../libxrender1_1%3a0.9.12-1_amd64.deb ...
Unpacking libxrender1:amd64 (1:0.9.12-1) over (1:0.9.12-1) ...
Preparing to unpack .../libxt6t64_1%3a1.2.1-1.2+b2_amd64.deb ...
Unpacking libxt6t64:amd64 (1:1.2.1-1.2+b2) over (1:1.2.1-1.2+b2) ...
Preparing to unpack .../linux-libc-dev_6.12.107-1_all.deb ...
Unpacking linux-libc-dev (6.12.107-1) over (6.12.107-1) ...
Preparing to unpack .../media-types_13.0.0_all.deb ...
Unpacking media-types (13.0.0) over (13.0.0) ...
Preparing to unpack /tmp/debs/netbase_6.5_all.deb ...
Unpacking netbase (6.5) over (6.5) ...
Preparing to unpack .../openssh-client_1%3a10.0p1-7+deb13u4_amd64.deb ...
Unpacking openssh-client (1:10.0p1-7+deb13u4) over (1:10.0p1-7+deb13u4) ...
Preparing to unpack .../openssh-server_1%3a10.0p1-7+deb13u4_amd64.deb ...
Unpacking openssh-server (1:10.0p1-7+deb13u4) over (1:10.0p1-7+deb13u4) ...
Preparing to unpack .../openssh-sftp-server_1%3a10.0p1-7+deb13u4_amd64.deb ...
Unpacking openssh-sftp-server (1:10.0p1-7+deb13u4) over (1:10.0p1-7+deb13u4) ...
Preparing to unpack .../procps_2%3a4.0.4-9_amd64.deb ...
Unpacking procps (2:4.0.4-9) over (2:4.0.4-9) ...
Preparing to unpack .../python3-autocommand_2.2.2-3_all.deb ...
Unpacking python3-autocommand (2.2.2-3) over (2.2.2-3) ...
Preparing to unpack .../python3-inflect_7.3.1-2_all.deb ...
Unpacking python3-inflect (7.3.1-2) over (7.3.1-2) ...
Preparing to unpack .../python3-jaraco.context_6.0.1-1+deb13u1_all.deb ...
Unpacking python3-jaraco.context (6.0.1-1+deb13u1) over (6.0.1-1+deb13u1) ...
Preparing to unpack .../python3-jaraco.functools_4.1.0-1_all.deb ...
Unpacking python3-jaraco.functools (4.1.0-1) over (4.1.0-1) ...
Preparing to unpack .../python3-minimal_3.13.5-1_amd64.deb ...
Unpacking python3-minimal (3.13.5-1) ...
Preparing to unpack .../python3-more-itertools_10.7.0-1_all.deb ...
Unpacking python3-more-itertools (10.7.0-1) over (10.7.0-1) ...
Preparing to unpack .../python3-pkg-resources_78.1.1-0.1_all.deb ...
Unpacking python3-pkg-resources (78.1.1-0.1) over (78.1.1-0.1) ...
Preparing to unpack .../python3-typeguard_4.4.2-1_all.deb ...
Unpacking python3-typeguard (4.4.2-1) over (4.4.2-1) ...
Preparing to unpack .../python3-typing-extensions_4.13.2-1_all.deb ...
Unpacking python3-typing-extensions (4.13.2-1) over (4.13.2-1) ...
Preparing to unpack .../python3.13-minimal_3.13.5-2+deb13u5_amd64.deb ...
Unpacking python3.13-minimal (3.13.5-2+deb13u5) over (3.13.5-2+deb13u5) ...
Preparing to unpack .../python3.13_3.13.5-2+deb13u5_amd64.deb ...
Unpacking python3.13 (3.13.5-2+deb13u5) over (3.13.5-2+deb13u5) ...
dpkg: regarding .../python3_3.13.5-1_amd64.deb containing python3, pre-dependency problem:
 python3 pre-depends on python3-minimal (= 3.13.5-1)
  python3-minimal is unpacked, but has never been configured.

dpkg: error processing archive /tmp/debs/python3_3.13.5-1_amd64.deb (--install):
 pre-dependency problem - not installing python3
Preparing to unpack .../readline-common_8.2-6_all.deb ...
Unpacking readline-common (8.2-6) over (8.2-6) ...
Preparing to unpack .../rpcsvc-proto_1.4.3-1_amd64.deb ...
Unpacking rpcsvc-proto (1.4.3-1) over (1.4.3-1) ...
Preparing to unpack .../runit-helper_2.16.4_all.deb ...
Unpacking runit-helper (2.16.4) over (2.16.4) ...
Preparing to unpack .../debs/screen_4.9.1-3_amd64.deb ...
Unpacking screen (4.9.1-3) over (4.9.1-3) ...
Preparing to unpack .../sensible-utils_0.0.25_all.deb ...
Unpacking sensible-utils (0.0.25) over (0.0.25) ...
Preparing to unpack .../systemd_257.13-1~deb13u1_amd64.deb ...
Unpacking systemd (257.13-1~deb13u1) ...
Preparing to unpack .../tmp/debs/tmux_3.5a-3_amd64.deb ...
Unpacking tmux (3.5a-3) over (3.5a-3) ...
Preparing to unpack /tmp/debs/ucf_3.0052_all.deb ...
Unpacking ucf (3.0052) over (3.0052) ...
Preparing to unpack .../x11-common_1%3a7.7+24+deb13u1_all.deb ...
Unpacking x11-common (1:7.7+24+deb13u1) over (1:7.7+24+deb13u1) ...
Preparing to unpack .../xbitmaps_1.1.1-2.2_all.deb ...
Unpacking xbitmaps (1.1.1-2.2) over (1.1.1-2.2) ...
Preparing to unpack .../tmp/debs/xterm_398-1_amd64.deb ...
Unpacking xterm (398-1) over (398-1) ...
Setting up adduser (3.152) ...
dpkg: dependency problems prevent configuration of asciinema:
 asciinema depends on python3:any.

dpkg: error processing package asciinema (--install):
 dependency problems - leaving unconfigured
Setting up autotools-dev (20240727.1) ...
Setting up binutils-common:amd64 (2.44-3) ...
Setting up cmake-data (3.31.6-2) ...
Setting up dh-elpa-helper (2.1.9) ...
Setting up emacsen-common (3.0.8) ...
Setting up fonts-dejavu-mono (2.37-8) ...
Setting up install-info (7.1.1-1+b1) ...
Setting up less (668-1) ...
Setting up libapparmor1:amd64 (4.1.0-1) ...
Setting up libasan8:amd64 (14.2.0-19) ...
Setting up libasound2-data (1.2.14-1+deb13u1) ...
Setting up libasound2t64:amd64 (1.2.14-1+deb13u1) ...
Setting up libatomic1:amd64 (14.2.0-19) ...
Setting up libbrotli1:amd64 (1.1.0-2+b7) ...
Setting up libc-dev-bin (2.41-12+deb13u4) ...
Setting up libcbor0.10:amd64 (0.10.2-2) ...
Setting up libcc1-0:amd64 (14.2.0-19) ...
Setting up libcom-err2:amd64 (1.47.2-3+b12) ...
Setting up libcrypt-dev:amd64 (1:4.4.38-1) ...
Setting up libctf-nobfd0:amd64 (2.44-3) ...
Setting up libdbus-1-3:amd64 (1.16.2-2) ...
Setting up libedit2:amd64 (3.1-20250104-1) ...
Setting up libevent-core-2.1-7t64:amd64 (2.1.13-stable-1~deb13u1) ...
Setting up libexpat1:amd64 (2.8.3-1~deb13u1) ...
Setting up libffi8:amd64 (3.4.8-2) ...
Setting up libfido2-1:amd64 (1.15.0-1+b1) ...
Setting up libgomp1:amd64 (14.2.0-19) ...
Setting up libgpm2:amd64 (1.20.7-11+b2) ...
Setting up libhwasan0:amd64 (14.2.0-19) ...
Setting up libisl23:amd64 (0.27-1) ...
Setting up libitm1:amd64 (14.2.0-19) ...
Setting up libjansson4:amd64 (2.14-2+b3) ...
Setting up libjemalloc2:amd64 (5.3.0-3) ...
Setting up libjsoncpp26:amd64 (1.9.6-3) ...
Setting up libkeyutils1:amd64 (1.6.3-6) ...
Setting up libkrb5support0:amd64 (1.21.3-5+deb13u1) ...
Setting up liblcms2-2:amd64 (2.16-2+deb13u2) ...
Setting up liblsan0:amd64 (14.2.0-19) ...
Setting up libmagic-mgc (1:5.46-5) ...
Setting up libmagic1t64:amd64 (1:5.46-5) ...
Setting up libmpfr6:amd64 (4.2.2-1) ...
Setting up libncursesw6:amd64 (6.5+20250216-2) ...
Setting up libnghttp2-14:amd64 (1.64.0-1.1+deb13u1) ...
Setting up libnghttp3-9:amd64 (1.8.0-1) ...
Setting up libp11-kit0:amd64 (0.25.5-3) ...
Setting up libpng16-16t64:amd64 (1.6.48-1+deb13u5) ...
Setting up libproc2-0:amd64 (2:4.0.4-9) ...
Setting up libpython3.13-minimal:amd64 (3.13.5-2+deb13u5) ...
Setting up libquadmath0:amd64 (14.2.0-19) ...
Setting up librhash1:amd64 (1.4.5-1) ...
Setting up libsasl2-modules-db:amd64 (2.1.28+dfsg1-9) ...
Setting up libsframe1:amd64 (2.44-3) ...
Setting up libssh2-1t64:amd64 (1.11.1-1+deb13u2) ...
Setting up libsystemd-shared:amd64 (257.13-1~deb13u1) ...
Setting up libtasn1-6:amd64 (4.20.0-2+deb13u1) ...
Setting up libtext-charwidth-perl:amd64 (0.04-11+b4) ...
Setting up libtext-wrapi18n-perl (0.06-10) ...
Setting up libtree-sitter0.22:amd64 (0.22.6-6+b1) ...
Setting up libtsan2:amd64 (14.2.0-19) ...
Setting up libubsan1:amd64 (14.2.0-19) ...
Setting up libunistring5:amd64 (1.3-2) ...
Setting up libutempter0:amd64 (1.2.1-4) ...
Setting up libuv1t64:amd64 (1.50.0-2) ...
Setting up libvterm0:amd64 (0.3.3-3+b1) ...
Setting up libwrap0:amd64 (7.6.q-36) ...
Setting up libwtmpdb0:amd64 (0.73.0-3+deb13u1) ...
Setting up libx11-data (2:1.8.12-1) ...
Setting up libxau6:amd64 (1:1.0.11-1) ...
Setting up libxdmcp6:amd64 (1:1.1.5-1) ...
Setting up libxml2:amd64 (2.12.7+dfsg+really2.9.14-2.1+deb13u3) ...
Setting up linux-libc-dev (6.12.107-1) ...
Setting up media-types (13.0.0) ...
Setting up netbase (6.5) ...
Setting up procps (2:4.0.4-9) ...
dpkg: dependency problems prevent configuration of python3-autocommand:
 python3-autocommand depends on python3:any.

dpkg: error processing package python3-autocommand (--install):
 dependency problems - leaving unconfigured
dpkg: dependency problems prevent configuration of python3-inflect:
 python3-inflect depends on python3:any.

dpkg: error processing package python3-inflect (--install):
 dependency problems - leaving unconfigured
dpkg: dependency problems prevent configuration of python3-jaraco.context:
 python3-jaraco.context depends on python3-setuptools | python3-supported-min (>= 3.12); however:
  Package python3-setuptools is not installed.
  Package python3-supported-min is not installed.
 python3-jaraco.context depends on python3:any.

dpkg: error processing package python3-jaraco.context (--install):
 dependency problems - leaving unconfigured
dpkg: dependency problems prevent configuration of python3-jaraco.functools:
 python3-jaraco.functools depends on python3:any.

dpkg: error processing package python3-jaraco.functools (--install):
 dependency problems - leaving unconfigured
dpkg: dependency problems prevent configuration of python3-more-itertools:
 python3-more-itertools depends on python3:any.

dpkg: error processing package python3-more-itertools (--install):
 dependency problems - leaving unconfigured
dpkg: dependency problems prevent configuration of python3-pkg-resources:
 python3-pkg-resources depends on python3-autocommand; however:
  Package python3-autocommand is not configured yet.
 python3-pkg-resources depends on python3-inflect; however:
  Package python3-inflect is not configured yet.
 python3-pkg-resources depends on python3-jaraco.context; however:
  Package python3-jaraco.context is not configured yet.
 python3-pkg-resources depends on python3-jaraco.functools; however:
  Package python3-jaraco.functools is not configured yet.
 python3-pkg-resources depends on python3-more-itertools; however:
  Package python3-more-itertools is not configured yet.
 python3-pkg-resources depends on python3:any.

dpkg: error processing package python3-pkg-resources (--install):
 dependency problems - leaving unconfigured
dpkg: dependency problems prevent configuration of python3-typeguard:
 python3-typeguard depends on python3-importlib-metadata | python3-supported-min (>= 3.10); however:
  Package python3-importlib-metadata is not installed.
  Package python3-supported-min is not installed.
 python3-typeguard depends on python3:any.

dpkg: error processing package python3-typeguard (--install):
 dependency problems - leaving unconfigured
dpkg: dependency problems prevent configuration of python3-typing-extensions:
 python3-typing-extensions depends on python3:any.

dpkg: error processing package python3-typing-extensions (--install):
 dependency problems - leaving unconfigured
Setting up python3.13-minimal (3.13.5-2+deb13u5) ...
Setting up readline-common (8.2-6) ...
Setting up rpcsvc-proto (1.4.3-1) ...
Setting up runit-helper (2.16.4) ...
Setting up screen (4.9.1-3) ...
Setting up sensible-utils (0.0.25) ...
Setting up systemd (257.13-1~deb13u1) ...
Created symlink '/etc/systemd/system/getty.target.wants/getty@tty1.service' → '/usr/lib/systemd/system/getty@.service'.
Created symlink '/etc/systemd/system/multi-user.target.wants/remote-fs.target' → '/usr/lib/systemd/system/remote-fs.target'.
Created symlink '/etc/systemd/system/sysinit.target.wants/systemd-pstore.service' → '/usr/lib/systemd/system/systemd-pstore.service'.
Initializing machine ID from random generator.
Creating group 'systemd-journal' with GID 999.
Creating group 'systemd-network' with GID 998.
Creating user 'systemd-network' (systemd Network Management) with UID 998 and GID 998.
/usr/lib/tmpfiles.d/legacy.conf:14: Duplicate line for path "/run/lock", ignoring.
Setting up tmux (3.5a-3) ...
Setting up ucf (3.0052) ...
Setting up x11-common (1:7.7+24+deb13u1) ...
invoke-rc.d: could not determine current runlevel
invoke-rc.d: policy-rc.d denied execution of restart.
Setting up xbitmaps (1.1.1-2.2) ...
Setting up elpa-marginalia (2.0-1) ...
Setting up elpa-vertico (2.1-1) ...
Setting up file (1:5.46-5) ...
Setting up fonts-dejavu-core (2.37-8) ...
Setting up libarchive13t64:amd64 (3.7.4-4+deb13u1) ...
Setting up libbinutils:amd64 (2.44-3) ...
Setting up libc6-dev:amd64 (2.41-12+deb13u4) ...
Setting up libctf0:amd64 (2.44-3) ...
Setting up libfreetype6:amd64 (2.13.3+dfsg-1+deb13u1) ...
Setting up libgcc-14-dev:amd64 (14.2.0-19) ...
Setting up libgprofng0:amd64 (2.44-3) ...
Setting up libice6:amd64 (2:1.1.1-1) ...
Setting up libidn2-0:amd64 (2.3.8-2) ...
Setting up libk5crypto3:amd64 (1.21.3-5+deb13u1) ...
Setting up libkrb5-3:amd64 (1.21.3-5+deb13u1) ...
Setting up libmpc3:amd64 (1.3.1-1+b3) ...
Setting up libpsl5t64:amd64 (0.21.2-1.1+b1) ...
Setting up libreadline8t64:amd64 (8.2-6) ...
Setting up libsasl2-2:amd64 (2.1.28+dfsg1-9) ...
Setting up libsm6:amd64 (2:1.2.6-1) ...
Setting up libvterm-dev:amd64 (0.3.3-3+b1) ...
Setting up libxcb1:amd64 (1.17.0-2+b1) ...
Setting up python3-minimal (3.13.5-1) ...
Setting up binutils-x86-64-linux-gnu (2.44-3) ...
Setting up binutils (2.44-3) ...
Setting up cpp-14-x86-64-linux-gnu (14.2.0-19) ...
Setting up cpp-14 (14.2.0-19) ...
Setting up cpp-x86-64-linux-gnu (4:14.2.0-1) ...
Setting up cpp (4:14.2.0-1) ...
Setting up fontconfig-config (2.15.0-2.3) ...
Setting up gcc-14-x86-64-linux-gnu (14.2.0-19) ...
Setting up gcc-14 (14.2.0-19) ...
Setting up gcc-x86-64-linux-gnu (4:14.2.0-1) ...
Setting up gcc (4:14.2.0-1) ...
Setting up libfontconfig1:amd64 (2.15.0-2.3) ...
Setting up libgccjit0:amd64 (14.2.0-19) ...
Setting up libgnutls30t64:amd64 (3.8.9-3+deb13u4) ...
Setting up libgssapi-krb5-2:amd64 (1.21.3-5+deb13u1) ...
Setting up libldap2:amd64 (2.6.10+dfsg-1) ...
Setting up libpython3.13-stdlib:amd64 (3.13.5-2+deb13u5) ...
Setting up librtmp1:amd64 (2.4+20151223.gitfa8646d.1-2+b5) ...
Setting up libtool (2.5.4-4) ...
Setting up libx11-6:amd64 (2:1.8.12-1) ...
Setting up libxext6:amd64 (2:1.3.4-1+b3) ...
Setting up libxinerama1:amd64 (2:1.1.4-3+b4) ...
Setting up libxpm4:amd64 (1:3.5.17-1+deb13u1) ...
Setting up libxrender1:amd64 (1:0.9.12-1) ...
Setting up libxt6t64:amd64 (1:1.2.1-1.2+b2) ...
Setting up openssh-client (1:10.0p1-7+deb13u4) ...
Setting up openssh-sftp-server (1:10.0p1-7+deb13u4) ...
Setting up python3.13 (3.13.5-2+deb13u5) ...
Setting up libcurl4t64:amd64 (8.14.1-2+deb13u5) ...
Setting up libpython3-stdlib:amd64 (3.13.5-1) ...
Setting up libtool-bin (2.5.4-4) ...
Setting up libxft2:amd64 (2.3.6-1+b4) ...
Setting up libxmu6:amd64 (2:1.1.3-3+b4) ...
Setting up openssh-server (1:10.0p1-7+deb13u4) ...
Creating config file /etc/ssh/sshd_config with new version
Creating SSH2 RSA key; this may take some time ...
3072 SHA256:Or/9cBuC/C8jxC9VRx6W4gK01lmI1bO6H7dz31wMBfs root@638de355149b (RSA)
Creating SSH2 ECDSA key; this may take some time ...
256 SHA256:lq6Lm56e8id0JrjV10r95MqGpmUeLOGDTbx96n7ghKo root@638de355149b (ECDSA)
Creating SSH2 ED25519 key; this may take some time ...
256 SHA256:QQQJWy55N53lTq3krWCQ7DKamcArVi0NSeTTpCeNgbM root@638de355149b (ED25519)
Creating user 'sshd' (sshd user) with UID 997 and GID 65534.
runit: ssh: start action denied by policy-rc.d
invoke-rc.d: could not determine current runlevel
invoke-rc.d: policy-rc.d denied execution of start.
Created symlink '/etc/systemd/system/sshd.service' → '/usr/lib/systemd/system/ssh.service'.
Created symlink '/etc/systemd/system/multi-user.target.wants/ssh.service' → '/usr/lib/systemd/system/ssh.service'.
Created symlink '/etc/systemd/system/ssh.service.wants/sshd-keygen.service' → '/usr/lib/systemd/system/sshd-keygen.service'.
Created symlink '/etc/systemd/system/sshd.service.wants/sshd-keygen.service' → '/usr/lib/systemd/system/sshd-keygen.service'.
Created symlink '/etc/systemd/system/sshd@.service.wants/sshd-keygen.service' → '/usr/lib/systemd/system/sshd-keygen.service'.
Created symlink '/etc/systemd/system/ssh.socket.wants/sshd-keygen.service' → '/usr/lib/systemd/system/sshd-keygen.service'.
Setting up cmake (3.31.6-2) ...
Setting up libxaw7:amd64 (2:1.0.16-1) ...
Setting up xterm (398-1) ...
Setting up emacs-el (1:30.1+1-6+deb13u1) ...
Setting up emacs-common (1:30.1+1-6+deb13u1) ...
Setting up emacs-bin-common (1:30.1+1-6+deb13u1) ...
Setting up emacs-nox (1:30.1+1-6+deb13u1) ...
Install emacsen-common for emacs
emacsen-common: Handling install of emacsen flavor emacs
Install elpa-vertico for emacs
install/vertico-2.1: Handling install of emacsen flavor emacs
install/vertico-2.1: byte-compiling for emacs
Install elpa-marginalia for emacs
install/marginalia-2.0: Handling install of emacsen flavor emacs
install/marginalia-2.0: byte-compiling for emacs
Processing triggers for libc-bin (2.41-12+deb13u4) ...
Processing triggers for debianutils (5.23.2) ...
Errors were encountered while processing:
 /tmp/debs/python3_3.13.5-1_amd64.deb
 asciinema
 python3-autocommand
 python3-inflect
 python3-jaraco.context
 python3-jaraco.functools
 python3-more-itertools
 python3-pkg-resources
 python3-typeguard
 python3-typing-extensions
(Reading database ... 21275 files and directories currently installed.)
Preparing to unpack .../tmp/debs/adduser_3.152_all.deb ...
Unpacking adduser (3.152) over (3.152) ...
Preparing to unpack .../debs/asciinema_2.4.0-1_all.deb ...
Unpacking asciinema (2.4.0-1) over (2.4.0-1) ...
Preparing to unpack .../autotools-dev_20240727.1_all.deb ...
Unpacking autotools-dev (20240727.1) over (20240727.1) ...
Preparing to unpack .../binutils-common_2.44-3_amd64.deb ...
Unpacking binutils-common:amd64 (2.44-3) over (2.44-3) ...
Preparing to unpack .../binutils-x86-64-linux-gnu_2.44-3_amd64.deb ...
Unpacking binutils-x86-64-linux-gnu (2.44-3) over (2.44-3) ...
Preparing to unpack .../debs/binutils_2.44-3_amd64.deb ...
Unpacking binutils (2.44-3) over (2.44-3) ...
Preparing to unpack .../cmake-data_3.31.6-2_all.deb ...
Unpacking cmake-data (3.31.6-2) over (3.31.6-2) ...
Preparing to unpack .../debs/cmake_3.31.6-2_amd64.deb ...
Unpacking cmake (3.31.6-2) over (3.31.6-2) ...
Preparing to unpack .../cpp-14-x86-64-linux-gnu_14.2.0-19_amd64.deb ...
Unpacking cpp-14-x86-64-linux-gnu (14.2.0-19) over (14.2.0-19) ...
Preparing to unpack .../cpp-14_14.2.0-19_amd64.deb ...
Unpacking cpp-14 (14.2.0-19) over (14.2.0-19) ...
Preparing to unpack .../cpp-x86-64-linux-gnu_4%3a14.2.0-1_amd64.deb ...
Unpacking cpp-x86-64-linux-gnu (4:14.2.0-1) over (4:14.2.0-1) ...
Preparing to unpack .../cpp_4%3a14.2.0-1_amd64.deb ...
Unpacking cpp (4:14.2.0-1) over (4:14.2.0-1) ...
Preparing to unpack .../dh-elpa-helper_2.1.9_all.deb ...
Unpacking dh-elpa-helper (2.1.9) over (2.1.9) ...
Preparing to unpack .../elpa-marginalia_2.0-1_all.deb ...
Unpacking elpa-marginalia (2.0-1) over (2.0-1) ...
Preparing to unpack .../elpa-vertico_2.1-1_all.deb ...
Unpacking elpa-vertico (2.1-1) over (2.1-1) ...
Preparing to unpack .../emacs-bin-common_1%3a30.1+1-6+deb13u1_amd64.deb ...
Unpacking emacs-bin-common (1:30.1+1-6+deb13u1) over (1:30.1+1-6+deb13u1) ...
Preparing to unpack .../emacs-common_1%3a30.1+1-6+deb13u1_all.deb ...
Unpacking emacs-common (1:30.1+1-6+deb13u1) over (1:30.1+1-6+deb13u1) ...
Preparing to unpack .../emacs-el_1%3a30.1+1-6+deb13u1_all.deb ...
Unpacking emacs-el (1:30.1+1-6+deb13u1) over (1:30.1+1-6+deb13u1) ...
Preparing to unpack .../emacs-nox_1%3a30.1+1-6+deb13u1_amd64.deb ...
Remove elpa-marginalia for emacs
Remove elpa-vertico for emacs
Remove emacsen-common for emacs
emacsen-common: Handling removal of emacsen flavor emacs
Unpacking emacs-nox (1:30.1+1-6+deb13u1) over (1:30.1+1-6+deb13u1) ...
Preparing to unpack .../emacsen-common_3.0.8_all.deb ...
Unpacking emacsen-common (3.0.8) over (3.0.8) ...
Preparing to unpack .../debs/file_1%3a5.46-5_amd64.deb ...
Unpacking file (1:5.46-5) over (1:5.46-5) ...
Preparing to unpack .../fontconfig-config_2.15.0-2.3_amd64.deb ...
Unpacking fontconfig-config (2.15.0-2.3) over (2.15.0-2.3) ...
Preparing to unpack .../fonts-dejavu-core_2.37-8_all.deb ...
Unpacking fonts-dejavu-core (2.37-8) over (2.37-8) ...
Preparing to unpack .../fonts-dejavu-mono_2.37-8_all.deb ...
Unpacking fonts-dejavu-mono (2.37-8) over (2.37-8) ...
Preparing to unpack .../gcc-14-x86-64-linux-gnu_14.2.0-19_amd64.deb ...
Unpacking gcc-14-x86-64-linux-gnu (14.2.0-19) over (14.2.0-19) ...
Preparing to unpack .../gcc-14_14.2.0-19_amd64.deb ...
Unpacking gcc-14 (14.2.0-19) over (14.2.0-19) ...
Preparing to unpack .../gcc-x86-64-linux-gnu_4%3a14.2.0-1_amd64.deb ...
Unpacking gcc-x86-64-linux-gnu (4:14.2.0-1) over (4:14.2.0-1) ...
Preparing to unpack .../gcc_4%3a14.2.0-1_amd64.deb ...
Unpacking gcc (4:14.2.0-1) over (4:14.2.0-1) ...
Preparing to unpack .../install-info_7.1.1-1+b1_amd64.deb ...
Unpacking install-info (7.1.1-1+b1) over (7.1.1-1+b1) ...
Preparing to unpack /tmp/debs/less_668-1_amd64.deb ...
Unpacking less (668-1) over (668-1) ...
Preparing to unpack .../libapparmor1_4.1.0-1_amd64.deb ...
Unpacking libapparmor1:amd64 (4.1.0-1) over (4.1.0-1) ...
Preparing to unpack .../libarchive13t64_3.7.4-4+deb13u1_amd64.deb ...
Unpacking libarchive13t64:amd64 (3.7.4-4+deb13u1) over (3.7.4-4+deb13u1) ...
Preparing to unpack .../libasan8_14.2.0-19_amd64.deb ...
Unpacking libasan8:amd64 (14.2.0-19) over (14.2.0-19) ...
Preparing to unpack .../libasound2-data_1.2.14-1+deb13u1_all.deb ...
Unpacking libasound2-data (1.2.14-1+deb13u1) over (1.2.14-1+deb13u1) ...
Preparing to unpack .../libasound2t64_1.2.14-1+deb13u1_amd64.deb ...
Unpacking libasound2t64:amd64 (1.2.14-1+deb13u1) over (1.2.14-1+deb13u1) ...
Preparing to unpack .../libatomic1_14.2.0-19_amd64.deb ...
Unpacking libatomic1:amd64 (14.2.0-19) over (14.2.0-19) ...
Preparing to unpack .../libbinutils_2.44-3_amd64.deb ...
Unpacking libbinutils:amd64 (2.44-3) over (2.44-3) ...
Preparing to unpack .../libbrotli1_1.1.0-2+b7_amd64.deb ...
Unpacking libbrotli1:amd64 (1.1.0-2+b7) over (1.1.0-2+b7) ...
Preparing to unpack .../libc-dev-bin_2.41-12+deb13u4_amd64.deb ...
Unpacking libc-dev-bin (2.41-12+deb13u4) over (2.41-12+deb13u4) ...
Preparing to unpack .../libc6-dev_2.41-12+deb13u4_amd64.deb ...
Unpacking libc6-dev:amd64 (2.41-12+deb13u4) over (2.41-12+deb13u4) ...
Preparing to unpack .../libcbor0.10_0.10.2-2_amd64.deb ...
Unpacking libcbor0.10:amd64 (0.10.2-2) over (0.10.2-2) ...
Preparing to unpack .../libcc1-0_14.2.0-19_amd64.deb ...
Unpacking libcc1-0:amd64 (14.2.0-19) over (14.2.0-19) ...
Preparing to unpack .../libcom-err2_1.47.2-3+b12_amd64.deb ...
Unpacking libcom-err2:amd64 (1.47.2-3+b12) over (1.47.2-3+b12) ...
Preparing to unpack .../libcrypt-dev_1%3a4.4.38-1_amd64.deb ...
Unpacking libcrypt-dev:amd64 (1:4.4.38-1) over (1:4.4.38-1) ...
Preparing to unpack .../libctf-nobfd0_2.44-3_amd64.deb ...
Unpacking libctf-nobfd0:amd64 (2.44-3) over (2.44-3) ...
Preparing to unpack .../debs/libctf0_2.44-3_amd64.deb ...
Unpacking libctf0:amd64 (2.44-3) over (2.44-3) ...
Preparing to unpack .../libcurl4t64_8.14.1-2+deb13u5_amd64.deb ...
Unpacking libcurl4t64:amd64 (8.14.1-2+deb13u5) over (8.14.1-2+deb13u5) ...
Preparing to unpack .../libdbus-1-3_1.16.2-2_amd64.deb ...
Unpacking libdbus-1-3:amd64 (1.16.2-2) over (1.16.2-2) ...
Preparing to unpack .../libedit2_3.1-20250104-1_amd64.deb ...
Unpacking libedit2:amd64 (3.1-20250104-1) over (3.1-20250104-1) ...
Preparing to unpack .../libevent-core-2.1-7t64_2.1.13-stable-1~deb13u1_amd64.deb ...
Unpacking libevent-core-2.1-7t64:amd64 (2.1.13-stable-1~deb13u1) over (2.1.13-stable-1~deb13u1) ...
Preparing to unpack .../libexpat1_2.8.3-1~deb13u1_amd64.deb ...
Unpacking libexpat1:amd64 (2.8.3-1~deb13u1) over (2.8.3-1~deb13u1) ...
Preparing to unpack .../debs/libffi8_3.4.8-2_amd64.deb ...
Unpacking libffi8:amd64 (3.4.8-2) over (3.4.8-2) ...
Preparing to unpack .../libfido2-1_1.15.0-1+b1_amd64.deb ...
Unpacking libfido2-1:amd64 (1.15.0-1+b1) over (1.15.0-1+b1) ...
Preparing to unpack .../libfontconfig1_2.15.0-2.3_amd64.deb ...
Unpacking libfontconfig1:amd64 (2.15.0-2.3) over (2.15.0-2.3) ...
Preparing to unpack .../libfreetype6_2.13.3+dfsg-1+deb13u1_amd64.deb ...
Unpacking libfreetype6:amd64 (2.13.3+dfsg-1+deb13u1) over (2.13.3+dfsg-1+deb13u1) ...
Preparing to unpack .../libgcc-14-dev_14.2.0-19_amd64.deb ...
Unpacking libgcc-14-dev:amd64 (14.2.0-19) over (14.2.0-19) ...
Preparing to unpack .../libgccjit0_14.2.0-19_amd64.deb ...
Unpacking libgccjit0:amd64 (14.2.0-19) over (14.2.0-19) ...
Preparing to unpack .../libgnutls30t64_3.8.9-3+deb13u4_amd64.deb ...
Unpacking libgnutls30t64:amd64 (3.8.9-3+deb13u4) over (3.8.9-3+deb13u4) ...
Preparing to unpack .../libgomp1_14.2.0-19_amd64.deb ...
Unpacking libgomp1:amd64 (14.2.0-19) over (14.2.0-19) ...
Preparing to unpack .../libgpm2_1.20.7-11+b2_amd64.deb ...
Unpacking libgpm2:amd64 (1.20.7-11+b2) over (1.20.7-11+b2) ...
Preparing to unpack .../libgprofng0_2.44-3_amd64.deb ...
Unpacking libgprofng0:amd64 (2.44-3) over (2.44-3) ...
Preparing to unpack .../libgssapi-krb5-2_1.21.3-5+deb13u1_amd64.deb ...
Unpacking libgssapi-krb5-2:amd64 (1.21.3-5+deb13u1) over (1.21.3-5+deb13u1) ...
Preparing to unpack .../libhwasan0_14.2.0-19_amd64.deb ...
Unpacking libhwasan0:amd64 (14.2.0-19) over (14.2.0-19) ...
Preparing to unpack .../libice6_2%3a1.1.1-1_amd64.deb ...
Unpacking libice6:amd64 (2:1.1.1-1) over (2:1.1.1-1) ...
Preparing to unpack .../libidn2-0_2.3.8-2_amd64.deb ...
Unpacking libidn2-0:amd64 (2.3.8-2) over (2.3.8-2) ...
Preparing to unpack .../debs/libisl23_0.27-1_amd64.deb ...
Unpacking libisl23:amd64 (0.27-1) over (0.27-1) ...
Preparing to unpack .../libitm1_14.2.0-19_amd64.deb ...
Unpacking libitm1:amd64 (14.2.0-19) over (14.2.0-19) ...
Preparing to unpack .../libjansson4_2.14-2+b3_amd64.deb ...
Unpacking libjansson4:amd64 (2.14-2+b3) over (2.14-2+b3) ...
Preparing to unpack .../libjemalloc2_5.3.0-3_amd64.deb ...
Unpacking libjemalloc2:amd64 (5.3.0-3) over (5.3.0-3) ...
Preparing to unpack .../libjsoncpp26_1.9.6-3_amd64.deb ...
Unpacking libjsoncpp26:amd64 (1.9.6-3) over (1.9.6-3) ...
Preparing to unpack .../libk5crypto3_1.21.3-5+deb13u1_amd64.deb ...
Unpacking libk5crypto3:amd64 (1.21.3-5+deb13u1) over (1.21.3-5+deb13u1) ...
Preparing to unpack .../libkeyutils1_1.6.3-6_amd64.deb ...
Unpacking libkeyutils1:amd64 (1.6.3-6) over (1.6.3-6) ...
Preparing to unpack .../libkrb5-3_1.21.3-5+deb13u1_amd64.deb ...
Unpacking libkrb5-3:amd64 (1.21.3-5+deb13u1) over (1.21.3-5+deb13u1) ...
Preparing to unpack .../libkrb5support0_1.21.3-5+deb13u1_amd64.deb ...
Unpacking libkrb5support0:amd64 (1.21.3-5+deb13u1) over (1.21.3-5+deb13u1) ...
Preparing to unpack .../liblcms2-2_2.16-2+deb13u2_amd64.deb ...
Unpacking liblcms2-2:amd64 (2.16-2+deb13u2) over (2.16-2+deb13u2) ...
Preparing to unpack .../libldap2_2.6.10+dfsg-1_amd64.deb ...
Unpacking libldap2:amd64 (2.6.10+dfsg-1) over (2.6.10+dfsg-1) ...
Preparing to unpack .../liblsan0_14.2.0-19_amd64.deb ...
Unpacking liblsan0:amd64 (14.2.0-19) over (14.2.0-19) ...
Preparing to unpack .../libmagic-mgc_1%3a5.46-5_amd64.deb ...
Unpacking libmagic-mgc (1:5.46-5) over (1:5.46-5) ...
Preparing to unpack .../libmagic1t64_1%3a5.46-5_amd64.deb ...
Unpacking libmagic1t64:amd64 (1:5.46-5) over (1:5.46-5) ...
Preparing to unpack .../libmpc3_1.3.1-1+b3_amd64.deb ...
Unpacking libmpc3:amd64 (1.3.1-1+b3) over (1.3.1-1+b3) ...
Preparing to unpack .../libmpfr6_4.2.2-1_amd64.deb ...
Unpacking libmpfr6:amd64 (4.2.2-1) over (4.2.2-1) ...
Preparing to unpack .../libncursesw6_6.5+20250216-2_amd64.deb ...
Unpacking libncursesw6:amd64 (6.5+20250216-2) over (6.5+20250216-2) ...
Preparing to unpack .../libnghttp2-14_1.64.0-1.1+deb13u1_amd64.deb ...
Unpacking libnghttp2-14:amd64 (1.64.0-1.1+deb13u1) over (1.64.0-1.1+deb13u1) ...
Preparing to unpack .../libnghttp3-9_1.8.0-1_amd64.deb ...
Unpacking libnghttp3-9:amd64 (1.8.0-1) over (1.8.0-1) ...
Preparing to unpack .../libp11-kit0_0.25.5-3_amd64.deb ...
Unpacking libp11-kit0:amd64 (0.25.5-3) over (0.25.5-3) ...
Preparing to unpack .../libpng16-16t64_1.6.48-1+deb13u5_amd64.deb ...
Unpacking libpng16-16t64:amd64 (1.6.48-1+deb13u5) over (1.6.48-1+deb13u5) ...
Preparing to unpack .../libproc2-0_2%3a4.0.4-9_amd64.deb ...
Unpacking libproc2-0:amd64 (2:4.0.4-9) over (2:4.0.4-9) ...
Preparing to unpack .../libpsl5t64_0.21.2-1.1+b1_amd64.deb ...
Unpacking libpsl5t64:amd64 (0.21.2-1.1+b1) over (0.21.2-1.1+b1) ...
Preparing to unpack .../libpython3-stdlib_3.13.5-1_amd64.deb ...
Unpacking libpython3-stdlib:amd64 (3.13.5-1) over (3.13.5-1) ...
Preparing to unpack .../libpython3.13-minimal_3.13.5-2+deb13u5_amd64.deb ...
Unpacking libpython3.13-minimal:amd64 (3.13.5-2+deb13u5) over (3.13.5-2+deb13u5) ...
Preparing to unpack .../libpython3.13-stdlib_3.13.5-2+deb13u5_amd64.deb ...
Unpacking libpython3.13-stdlib:amd64 (3.13.5-2+deb13u5) over (3.13.5-2+deb13u5) ...
Preparing to unpack .../libquadmath0_14.2.0-19_amd64.deb ...
Unpacking libquadmath0:amd64 (14.2.0-19) over (14.2.0-19) ...
Preparing to unpack .../libreadline8t64_8.2-6_amd64.deb ...
Leaving 'diversion of /lib/x86_64-linux-gnu/libhistory.so.8 to /lib/x86_64-linux-gnu/libhistory.so.8.usr-is-merged by libreadline8t64'
Leaving 'diversion of /lib/x86_64-linux-gnu/libhistory.so.8.2 to /lib/x86_64-linux-gnu/libhistory.so.8.2.usr-is-merged by libreadline8t64'
Leaving 'diversion of /lib/x86_64-linux-gnu/libreadline.so.8 to /lib/x86_64-linux-gnu/libreadline.so.8.usr-is-merged by libreadline8t64'
Leaving 'diversion of /lib/x86_64-linux-gnu/libreadline.so.8.2 to /lib/x86_64-linux-gnu/libreadline.so.8.2.usr-is-merged by libreadline8t64'
Unpacking libreadline8t64:amd64 (8.2-6) over (8.2-6) ...
Preparing to unpack .../librhash1_1.4.5-1_amd64.deb ...
Unpacking librhash1:amd64 (1.4.5-1) over (1.4.5-1) ...
Preparing to unpack .../librtmp1_2.4+20151223.gitfa8646d.1-2+b5_amd64.deb ...
Unpacking librtmp1:amd64 (2.4+20151223.gitfa8646d.1-2+b5) over (2.4+20151223.gitfa8646d.1-2+b5) ...
Preparing to unpack .../libsasl2-2_2.1.28+dfsg1-9_amd64.deb ...
Unpacking libsasl2-2:amd64 (2.1.28+dfsg1-9) over (2.1.28+dfsg1-9) ...
Preparing to unpack .../libsasl2-modules-db_2.1.28+dfsg1-9_amd64.deb ...
Unpacking libsasl2-modules-db:amd64 (2.1.28+dfsg1-9) over (2.1.28+dfsg1-9) ...
Preparing to unpack .../libsframe1_2.44-3_amd64.deb ...
Unpacking libsframe1:amd64 (2.44-3) over (2.44-3) ...
Preparing to unpack .../libsm6_2%3a1.2.6-1_amd64.deb ...
Unpacking libsm6:amd64 (2:1.2.6-1) over (2:1.2.6-1) ...
Preparing to unpack .../libssh2-1t64_1.11.1-1+deb13u2_amd64.deb ...
Unpacking libssh2-1t64:amd64 (1.11.1-1+deb13u2) over (1.11.1-1+deb13u2) ...
Preparing to unpack .../libsystemd-shared_257.13-1~deb13u1_amd64.deb ...
Unpacking libsystemd-shared:amd64 (257.13-1~deb13u1) over (257.13-1~deb13u1) ...
Preparing to unpack .../libtasn1-6_4.20.0-2+deb13u1_amd64.deb ...
Unpacking libtasn1-6:amd64 (4.20.0-2+deb13u1) over (4.20.0-2+deb13u1) ...
Preparing to unpack .../libtext-charwidth-perl_0.04-11+b4_amd64.deb ...
Unpacking libtext-charwidth-perl:amd64 (0.04-11+b4) over (0.04-11+b4) ...
Preparing to unpack .../libtext-wrapi18n-perl_0.06-10_all.deb ...
Unpacking libtext-wrapi18n-perl (0.06-10) over (0.06-10) ...
Preparing to unpack .../libtool-bin_2.5.4-4_amd64.deb ...
Unpacking libtool-bin (2.5.4-4) over (2.5.4-4) ...
Preparing to unpack .../debs/libtool_2.5.4-4_all.deb ...
Unpacking libtool (2.5.4-4) over (2.5.4-4) ...
Preparing to unpack .../libtree-sitter0.22_0.22.6-6+b1_amd64.deb ...
Unpacking libtree-sitter0.22:amd64 (0.22.6-6+b1) over (0.22.6-6+b1) ...
Preparing to unpack .../libtsan2_14.2.0-19_amd64.deb ...
Unpacking libtsan2:amd64 (14.2.0-19) over (14.2.0-19) ...
Preparing to unpack .../libubsan1_14.2.0-19_amd64.deb ...
Unpacking libubsan1:amd64 (14.2.0-19) over (14.2.0-19) ...
Preparing to unpack .../libunistring5_1.3-2_amd64.deb ...
Unpacking libunistring5:amd64 (1.3-2) over (1.3-2) ...
Preparing to unpack .../libutempter0_1.2.1-4_amd64.deb ...
Unpacking libutempter0:amd64 (1.2.1-4) over (1.2.1-4) ...
Preparing to unpack .../libuv1t64_1.50.0-2_amd64.deb ...
Unpacking libuv1t64:amd64 (1.50.0-2) over (1.50.0-2) ...
Preparing to unpack .../libvterm-dev_0.3.3-3+b1_amd64.deb ...
Unpacking libvterm-dev:amd64 (0.3.3-3+b1) over (0.3.3-3+b1) ...
Preparing to unpack .../libvterm0_0.3.3-3+b1_amd64.deb ...
Unpacking libvterm0:amd64 (0.3.3-3+b1) over (0.3.3-3+b1) ...
Preparing to unpack .../libwrap0_7.6.q-36_amd64.deb ...
Unpacking libwrap0:amd64 (7.6.q-36) over (7.6.q-36) ...
Preparing to unpack .../libwtmpdb0_0.73.0-3+deb13u1_amd64.deb ...
Unpacking libwtmpdb0:amd64 (0.73.0-3+deb13u1) over (0.73.0-3+deb13u1) ...
Preparing to unpack .../libx11-6_2%3a1.8.12-1_amd64.deb ...
Unpacking libx11-6:amd64 (2:1.8.12-1) over (2:1.8.12-1) ...
Preparing to unpack .../libx11-data_2%3a1.8.12-1_all.deb ...
Unpacking libx11-data (2:1.8.12-1) over (2:1.8.12-1) ...
Preparing to unpack .../libxau6_1%3a1.0.11-1_amd64.deb ...
Unpacking libxau6:amd64 (1:1.0.11-1) over (1:1.0.11-1) ...
Preparing to unpack .../libxaw7_2%3a1.0.16-1_amd64.deb ...
Unpacking libxaw7:amd64 (2:1.0.16-1) over (2:1.0.16-1) ...
Preparing to unpack .../libxcb1_1.17.0-2+b1_amd64.deb ...
Unpacking libxcb1:amd64 (1.17.0-2+b1) over (1.17.0-2+b1) ...
Preparing to unpack .../libxdmcp6_1%3a1.1.5-1_amd64.deb ...
Unpacking libxdmcp6:amd64 (1:1.1.5-1) over (1:1.1.5-1) ...
Preparing to unpack .../libxext6_2%3a1.3.4-1+b3_amd64.deb ...
Unpacking libxext6:amd64 (2:1.3.4-1+b3) over (2:1.3.4-1+b3) ...
Preparing to unpack .../libxft2_2.3.6-1+b4_amd64.deb ...
Unpacking libxft2:amd64 (2.3.6-1+b4) over (2.3.6-1+b4) ...
Preparing to unpack .../libxinerama1_2%3a1.1.4-3+b4_amd64.deb ...
Unpacking libxinerama1:amd64 (2:1.1.4-3+b4) over (2:1.1.4-3+b4) ...
Preparing to unpack .../libxml2_2.12.7+dfsg+really2.9.14-2.1+deb13u3_amd64.deb ...
Unpacking libxml2:amd64 (2.12.7+dfsg+really2.9.14-2.1+deb13u3) over (2.12.7+dfsg+really2.9.14-2.1+deb13u3) ...
Preparing to unpack .../libxmu6_2%3a1.1.3-3+b4_amd64.deb ...
Unpacking libxmu6:amd64 (2:1.1.3-3+b4) over (2:1.1.3-3+b4) ...
Preparing to unpack .../libxpm4_1%3a3.5.17-1+deb13u1_amd64.deb ...
Unpacking libxpm4:amd64 (1:3.5.17-1+deb13u1) over (1:3.5.17-1+deb13u1) ...
Preparing to unpack .../libxrender1_1%3a0.9.12-1_amd64.deb ...
Unpacking libxrender1:amd64 (1:0.9.12-1) over (1:0.9.12-1) ...
Preparing to unpack .../libxt6t64_1%3a1.2.1-1.2+b2_amd64.deb ...
Unpacking libxt6t64:amd64 (1:1.2.1-1.2+b2) over (1:1.2.1-1.2+b2) ...
Preparing to unpack .../linux-libc-dev_6.12.107-1_all.deb ...
Unpacking linux-libc-dev (6.12.107-1) over (6.12.107-1) ...
Preparing to unpack .../media-types_13.0.0_all.deb ...
Unpacking media-types (13.0.0) over (13.0.0) ...
Preparing to unpack /tmp/debs/netbase_6.5_all.deb ...
Unpacking netbase (6.5) over (6.5) ...
Preparing to unpack .../openssh-client_1%3a10.0p1-7+deb13u4_amd64.deb ...
Unpacking openssh-client (1:10.0p1-7+deb13u4) over (1:10.0p1-7+deb13u4) ...
Preparing to unpack .../openssh-server_1%3a10.0p1-7+deb13u4_amd64.deb ...
Unpacking openssh-server (1:10.0p1-7+deb13u4) over (1:10.0p1-7+deb13u4) ...
Preparing to unpack .../openssh-sftp-server_1%3a10.0p1-7+deb13u4_amd64.deb ...
Unpacking openssh-sftp-server (1:10.0p1-7+deb13u4) over (1:10.0p1-7+deb13u4) ...
Preparing to unpack .../procps_2%3a4.0.4-9_amd64.deb ...
Unpacking procps (2:4.0.4-9) over (2:4.0.4-9) ...
Preparing to unpack .../python3-autocommand_2.2.2-3_all.deb ...
Unpacking python3-autocommand (2.2.2-3) over (2.2.2-3) ...
Preparing to unpack .../python3-inflect_7.3.1-2_all.deb ...
Unpacking python3-inflect (7.3.1-2) over (7.3.1-2) ...
Preparing to unpack .../python3-jaraco.context_6.0.1-1+deb13u1_all.deb ...
Unpacking python3-jaraco.context (6.0.1-1+deb13u1) over (6.0.1-1+deb13u1) ...
Preparing to unpack .../python3-jaraco.functools_4.1.0-1_all.deb ...
Unpacking python3-jaraco.functools (4.1.0-1) over (4.1.0-1) ...
Preparing to unpack .../python3-minimal_3.13.5-1_amd64.deb ...
Unpacking python3-minimal (3.13.5-1) over (3.13.5-1) ...
Preparing to unpack .../python3-more-itertools_10.7.0-1_all.deb ...
Unpacking python3-more-itertools (10.7.0-1) over (10.7.0-1) ...
Preparing to unpack .../python3-pkg-resources_78.1.1-0.1_all.deb ...
Unpacking python3-pkg-resources (78.1.1-0.1) over (78.1.1-0.1) ...
Preparing to unpack .../python3-typeguard_4.4.2-1_all.deb ...
Unpacking python3-typeguard (4.4.2-1) over (4.4.2-1) ...
Preparing to unpack .../python3-typing-extensions_4.13.2-1_all.deb ...
Unpacking python3-typing-extensions (4.13.2-1) over (4.13.2-1) ...
Preparing to unpack .../python3.13-minimal_3.13.5-2+deb13u5_amd64.deb ...
Unpacking python3.13-minimal (3.13.5-2+deb13u5) over (3.13.5-2+deb13u5) ...
Preparing to unpack .../python3.13_3.13.5-2+deb13u5_amd64.deb ...
Unpacking python3.13 (3.13.5-2+deb13u5) over (3.13.5-2+deb13u5) ...
Preparing to unpack .../python3_3.13.5-1_amd64.deb ...
Unpacking python3 (3.13.5-1) ...
Preparing to unpack .../readline-common_8.2-6_all.deb ...
Unpacking readline-common (8.2-6) over (8.2-6) ...
Preparing to unpack .../rpcsvc-proto_1.4.3-1_amd64.deb ...
Unpacking rpcsvc-proto (1.4.3-1) over (1.4.3-1) ...
Preparing to unpack .../runit-helper_2.16.4_all.deb ...
Unpacking runit-helper (2.16.4) over (2.16.4) ...
Preparing to unpack .../debs/screen_4.9.1-3_amd64.deb ...
Unpacking screen (4.9.1-3) over (4.9.1-3) ...
Preparing to unpack .../sensible-utils_0.0.25_all.deb ...
Unpacking sensible-utils (0.0.25) over (0.0.25) ...
Preparing to unpack .../systemd_257.13-1~deb13u1_amd64.deb ...
Unpacking systemd (257.13-1~deb13u1) over (257.13-1~deb13u1) ...
Preparing to unpack .../tmp/debs/tmux_3.5a-3_amd64.deb ...
Unpacking tmux (3.5a-3) over (3.5a-3) ...
Preparing to unpack /tmp/debs/ucf_3.0052_all.deb ...
Unpacking ucf (3.0052) over (3.0052) ...
Preparing to unpack .../x11-common_1%3a7.7+24+deb13u1_all.deb ...
Unpacking x11-common (1:7.7+24+deb13u1) over (1:7.7+24+deb13u1) ...
Preparing to unpack .../xbitmaps_1.1.1-2.2_all.deb ...
Unpacking xbitmaps (1.1.1-2.2) over (1.1.1-2.2) ...
Preparing to unpack .../tmp/debs/xterm_398-1_amd64.deb ...
Unpacking xterm (398-1) over (398-1) ...
Setting up adduser (3.152) ...
Setting up autotools-dev (20240727.1) ...
Setting up binutils-common:amd64 (2.44-3) ...
Setting up cmake-data (3.31.6-2) ...
Setting up dh-elpa-helper (2.1.9) ...
Setting up emacsen-common (3.0.8) ...
Setting up fonts-dejavu-mono (2.37-8) ...
Setting up install-info (7.1.1-1+b1) ...
Setting up less (668-1) ...
Setting up libapparmor1:amd64 (4.1.0-1) ...
Setting up libasan8:amd64 (14.2.0-19) ...
Setting up libasound2-data (1.2.14-1+deb13u1) ...
Setting up libasound2t64:amd64 (1.2.14-1+deb13u1) ...
Setting up libatomic1:amd64 (14.2.0-19) ...
Setting up libbrotli1:amd64 (1.1.0-2+b7) ...
Setting up libc-dev-bin (2.41-12+deb13u4) ...
Setting up libcbor0.10:amd64 (0.10.2-2) ...
Setting up libcc1-0:amd64 (14.2.0-19) ...
Setting up libcom-err2:amd64 (1.47.2-3+b12) ...
Setting up libcrypt-dev:amd64 (1:4.4.38-1) ...
Setting up libctf-nobfd0:amd64 (2.44-3) ...
Setting up libdbus-1-3:amd64 (1.16.2-2) ...
Setting up libedit2:amd64 (3.1-20250104-1) ...
Setting up libevent-core-2.1-7t64:amd64 (2.1.13-stable-1~deb13u1) ...
Setting up libexpat1:amd64 (2.8.3-1~deb13u1) ...
Setting up libffi8:amd64 (3.4.8-2) ...
Setting up libfido2-1:amd64 (1.15.0-1+b1) ...
Setting up libgomp1:amd64 (14.2.0-19) ...
Setting up libgpm2:amd64 (1.20.7-11+b2) ...
Setting up libhwasan0:amd64 (14.2.0-19) ...
Setting up libisl23:amd64 (0.27-1) ...
Setting up libitm1:amd64 (14.2.0-19) ...
Setting up libjansson4:amd64 (2.14-2+b3) ...
Setting up libjemalloc2:amd64 (5.3.0-3) ...
Setting up libjsoncpp26:amd64 (1.9.6-3) ...
Setting up libkeyutils1:amd64 (1.6.3-6) ...
Setting up libkrb5support0:amd64 (1.21.3-5+deb13u1) ...
Setting up liblcms2-2:amd64 (2.16-2+deb13u2) ...
Setting up liblsan0:amd64 (14.2.0-19) ...
Setting up libmagic-mgc (1:5.46-5) ...
Setting up libmagic1t64:amd64 (1:5.46-5) ...
Setting up libmpfr6:amd64 (4.2.2-1) ...
Setting up libncursesw6:amd64 (6.5+20250216-2) ...
Setting up libnghttp2-14:amd64 (1.64.0-1.1+deb13u1) ...
Setting up libnghttp3-9:amd64 (1.8.0-1) ...
Setting up libp11-kit0:amd64 (0.25.5-3) ...
Setting up libpng16-16t64:amd64 (1.6.48-1+deb13u5) ...
Setting up libproc2-0:amd64 (2:4.0.4-9) ...
Setting up libpython3.13-minimal:amd64 (3.13.5-2+deb13u5) ...
Setting up libquadmath0:amd64 (14.2.0-19) ...
Setting up librhash1:amd64 (1.4.5-1) ...
Setting up libsasl2-modules-db:amd64 (2.1.28+dfsg1-9) ...
Setting up libsframe1:amd64 (2.44-3) ...
Setting up libssh2-1t64:amd64 (1.11.1-1+deb13u2) ...
Setting up libsystemd-shared:amd64 (257.13-1~deb13u1) ...
Setting up libtasn1-6:amd64 (4.20.0-2+deb13u1) ...
Setting up libtext-charwidth-perl:amd64 (0.04-11+b4) ...
Setting up libtext-wrapi18n-perl (0.06-10) ...
Setting up libtree-sitter0.22:amd64 (0.22.6-6+b1) ...
Setting up libtsan2:amd64 (14.2.0-19) ...
Setting up libubsan1:amd64 (14.2.0-19) ...
Setting up libunistring5:amd64 (1.3-2) ...
Setting up libutempter0:amd64 (1.2.1-4) ...
Setting up libuv1t64:amd64 (1.50.0-2) ...
Setting up libvterm0:amd64 (0.3.3-3+b1) ...
Setting up libwrap0:amd64 (7.6.q-36) ...
Setting up libwtmpdb0:amd64 (0.73.0-3+deb13u1) ...
Setting up libx11-data (2:1.8.12-1) ...
Setting up libxau6:amd64 (1:1.0.11-1) ...
Setting up libxdmcp6:amd64 (1:1.1.5-1) ...
Setting up libxml2:amd64 (2.12.7+dfsg+really2.9.14-2.1+deb13u3) ...
Setting up linux-libc-dev (6.12.107-1) ...
Setting up media-types (13.0.0) ...
Setting up netbase (6.5) ...
Setting up procps (2:4.0.4-9) ...
Setting up python3.13-minimal (3.13.5-2+deb13u5) ...
Setting up readline-common (8.2-6) ...
Setting up rpcsvc-proto (1.4.3-1) ...
Setting up runit-helper (2.16.4) ...
Setting up screen (4.9.1-3) ...
Setting up sensible-utils (0.0.25) ...
Setting up systemd (257.13-1~deb13u1) ...
/usr/lib/tmpfiles.d/legacy.conf:14: Duplicate line for path "/run/lock", ignoring.
Setting up tmux (3.5a-3) ...
Setting up ucf (3.0052) ...
Setting up x11-common (1:7.7+24+deb13u1) ...
invoke-rc.d: could not determine current runlevel
invoke-rc.d: policy-rc.d denied execution of restart.
Setting up xbitmaps (1.1.1-2.2) ...
Setting up elpa-marginalia (2.0-1) ...
Setting up elpa-vertico (2.1-1) ...
Setting up file (1:5.46-5) ...
Setting up fonts-dejavu-core (2.37-8) ...
Setting up libarchive13t64:amd64 (3.7.4-4+deb13u1) ...
Setting up libbinutils:amd64 (2.44-3) ...
Setting up libc6-dev:amd64 (2.41-12+deb13u4) ...
Setting up libctf0:amd64 (2.44-3) ...
Setting up libfreetype6:amd64 (2.13.3+dfsg-1+deb13u1) ...
Setting up libgcc-14-dev:amd64 (14.2.0-19) ...
Setting up libgprofng0:amd64 (2.44-3) ...
Setting up libice6:amd64 (2:1.1.1-1) ...
Setting up libidn2-0:amd64 (2.3.8-2) ...
Setting up libk5crypto3:amd64 (1.21.3-5+deb13u1) ...
Setting up libkrb5-3:amd64 (1.21.3-5+deb13u1) ...
Setting up libmpc3:amd64 (1.3.1-1+b3) ...
Setting up libpsl5t64:amd64 (0.21.2-1.1+b1) ...
Setting up libreadline8t64:amd64 (8.2-6) ...
Setting up libsasl2-2:amd64 (2.1.28+dfsg1-9) ...
Setting up libsm6:amd64 (2:1.2.6-1) ...
Setting up libvterm-dev:amd64 (0.3.3-3+b1) ...
Setting up libxcb1:amd64 (1.17.0-2+b1) ...
Setting up python3-minimal (3.13.5-1) ...
Setting up binutils-x86-64-linux-gnu (2.44-3) ...
Setting up binutils (2.44-3) ...
Setting up cpp-14-x86-64-linux-gnu (14.2.0-19) ...
Setting up cpp-14 (14.2.0-19) ...
Setting up cpp-x86-64-linux-gnu (4:14.2.0-1) ...
Setting up cpp (4:14.2.0-1) ...
Setting up fontconfig-config (2.15.0-2.3) ...
Setting up gcc-14-x86-64-linux-gnu (14.2.0-19) ...
Setting up gcc-14 (14.2.0-19) ...
Setting up gcc-x86-64-linux-gnu (4:14.2.0-1) ...
Setting up gcc (4:14.2.0-1) ...
Setting up libfontconfig1:amd64 (2.15.0-2.3) ...
Setting up libgccjit0:amd64 (14.2.0-19) ...
Setting up libgnutls30t64:amd64 (3.8.9-3+deb13u4) ...
Setting up libgssapi-krb5-2:amd64 (1.21.3-5+deb13u1) ...
Setting up libldap2:amd64 (2.6.10+dfsg-1) ...
Setting up libpython3.13-stdlib:amd64 (3.13.5-2+deb13u5) ...
Setting up librtmp1:amd64 (2.4+20151223.gitfa8646d.1-2+b5) ...
Setting up libtool (2.5.4-4) ...
Setting up libx11-6:amd64 (2:1.8.12-1) ...
Setting up libxext6:amd64 (2:1.3.4-1+b3) ...
Setting up libxinerama1:amd64 (2:1.1.4-3+b4) ...
Setting up libxpm4:amd64 (1:3.5.17-1+deb13u1) ...
Setting up libxrender1:amd64 (1:0.9.12-1) ...
Setting up libxt6t64:amd64 (1:1.2.1-1.2+b2) ...
Setting up openssh-client (1:10.0p1-7+deb13u4) ...
Setting up openssh-sftp-server (1:10.0p1-7+deb13u4) ...
Setting up python3.13 (3.13.5-2+deb13u5) ...
Setting up libcurl4t64:amd64 (8.14.1-2+deb13u5) ...
Setting up libpython3-stdlib:amd64 (3.13.5-1) ...
Setting up libtool-bin (2.5.4-4) ...
Setting up libxft2:amd64 (2.3.6-1+b4) ...
Setting up libxmu6:amd64 (2:1.1.3-3+b4) ...
Setting up openssh-server (1:10.0p1-7+deb13u4) ...
runit: ssh: start action denied by policy-rc.d
invoke-rc.d: could not determine current runlevel
invoke-rc.d: policy-rc.d denied execution of restart.
Setting up python3 (3.13.5-1) ...
Setting up cmake (3.31.6-2) ...
Setting up libxaw7:amd64 (2:1.0.16-1) ...
Setting up python3-autocommand (2.2.2-3) ...
Setting up python3-jaraco.context (6.0.1-1+deb13u1) ...
Setting up python3-more-itertools (10.7.0-1) ...
Setting up python3-typing-extensions (4.13.2-1) ...
Setting up xterm (398-1) ...
Setting up python3-jaraco.functools (4.1.0-1) ...
Setting up python3-typeguard (4.4.2-1) ...
Setting up python3-inflect (7.3.1-2) ...
Setting up python3-pkg-resources (78.1.1-0.1) ...
Setting up asciinema (2.4.0-1) ...
Setting up emacs-el (1:30.1+1-6+deb13u1) ...
Setting up emacs-common (1:30.1+1-6+deb13u1) ...
Setting up emacs-bin-common (1:30.1+1-6+deb13u1) ...
Setting up emacs-nox (1:30.1+1-6+deb13u1) ...
Install emacsen-common for emacs
emacsen-common: Handling install of emacsen flavor emacs
Install elpa-marginalia for emacs
install/marginalia-2.0: Handling install of emacsen flavor emacs
install/marginalia-2.0: byte-compiling for emacs
Install elpa-vertico for emacs
install/vertico-2.1: Handling install of emacsen flavor emacs
install/vertico-2.1: byte-compiling for emacs
Processing triggers for libc-bin (2.41-12+deb13u4) ...
Processing triggers for debianutils (5.23.2) ...
--> 6b07746124ae
STEP 4/8: COPY --chown=study:study . /study
--> ccf080da7884
STEP 5/8: USER study
--> 619e66f6ca7c
STEP 6/8: WORKDIR /study
--> 5a3508311238
STEP 7/8: RUN python3 scripts/prepare.py
CMake Error: CMake was unable to find a build program corresponding to "Unix Makefiles".  CMAKE_MAKE_PROGRAM is not set.  You probably need to select a different build tool.
CMake Error: CMAKE_C_COMPILER not set, after EnableLanguage
-- Configuring incomplete, errors occurred!
Traceback (most recent call last):
  File "/study/scripts/prepare.py", line 10, in <module>
    subprocess.run(['cmake','-S',str(R/'sources/vterm'),'-B',str(rt/'build-vterm')],check=True)
    ~~~~~~~~~~~~~~^^^^^^^^^^^^^^^^^^^^^^^^^^^^^^^^^^^^^^^^^^^^^^^^^^^^^^^^^^^^^^^^^^^^^^^^^^^^^
  File "/usr/lib/python3.13/subprocess.py", line 577, in run
    raise CalledProcessError(retcode, process.args,
                             output=stdout, stderr=stderr)
subprocess.CalledProcessError: Command '['cmake', '-S', '/study/sources/vterm', '-B', '/study/.runtime/build-vterm']' returned non-zero exit status 1.
Error: building at STEP "RUN python3 scripts/prepare.py": while running runtime: exit status 1
